,word,frequency,rankdata,log_freq,log_rank
0,Interesting,1,762.0,0.0,6.635946555686647
1,premise,2,1640.0,0.6931471805599453,7.402451520818244
2,readV,1,762.0,0.0,6.635946555686647
3,cute,1,762.0,0.0,6.635946555686647
4,Merry,1,762.0,0.0,6.635946555686647
5,XmasCowboy,1,762.0,0.0,6.635946555686647
6,riding,1,762.0,0.0,6.635946555686647
7,rocket,23,1925.0,3.1354942159291497,7.562681246721884
8,problemoSingle,1,762.0,0.0,6.635946555686647
9,camera,2,1640.0,0.6931471805599453,7.402451520818244
10,view,4,1850.5,1.3862943611198906,7.523211151826211
11,40,2,1640.0,0.6931471805599453,7.402451520818244
12,meter,2,1640.0,0.6931471805599453,7.402451520818244
13,hovertook,1,762.0,0.0,6.635946555686647
14,ride,2,1640.0,0.6931471805599453,7.402451520818244
15,hover,1,762.0,0.0,6.635946555686647
16,flight,4,1850.5,1.3862943611198906,7.523211151826211
17,vid,2,1640.0,0.6931471805599453,7.402451520818244
18,SpaceX,12,1920.0,2.4849066497880004,7.560080465021827
19,Grasshopper,6,1887.5,1.791759469228055,7.54300848112318
20,test,7,1899.0,1.9459101490553132,7.549082710812286
21,rocketprovide,1,762.0,0.0,6.635946555686647
22,little,6,1887.5,1.791759469228055,7.54300848112318
23,perspective,1,762.0,0.0,6.635946555686647
24,size,2,1640.0,0.6931471805599453,7.402451520818244
25,added,1,762.0,0.0,6.635946555686647
26,6,3,1793.5,1.0986122886681098,7.491924296972337
27,ft,2,1640.0,0.6931471805599453,7.402451520818244
28,cowboy,1,762.0,0.0,6.635946555686647
29,rocketmuch,1,762.0,0.0,6.635946555686647
30,agree,2,1640.0,0.6931471805599453,7.402451520818244
31,great,7,1899.0,1.9459101490553132,7.549082710812286
32,review,6,1887.5,1.791759469228055,7.54300848112318
33,Chasing,1,762.0,0.0,6.635946555686647
34,Ice,1,762.0,0.0,6.635946555686647
35,Ars,1,762.0,0.0,6.635946555686647
36,TechnicaThanks,1,762.0,0.0,6.635946555686647
37,driven,2,1640.0,0.6931471805599453,7.402451520818244
38,Tesla,17,1923.0,2.833213344056216,7.56164174558878
39,Model,19,1924.0,2.9444389791664403,7.562161631225652
40,50,2,1640.0,0.6931471805599453,7.402451520818244
41,miles,7,1899.0,1.9459101490553132,7.549082710812286
42,clearly,1,762.0,0.0,6.635946555686647
43,iPhone,1,762.0,0.0,6.635946555686647
44,carsby,1,762.0,0.0,6.635946555686647
45,far,2,1640.0,0.6931471805599453,7.402451520818244
46,best,2,1640.0,0.6931471805599453,7.402451520818244
47,car,5,1875.5,1.6094379124341003,7.536630569521942
48,ever,1,762.0,0.0,6.635946555686647
49,madebeautiful,1,762.0,0.0,6.635946555686647
50,aweinspiring,1,762.0,0.0,6.635946555686647
51,Earth,4,1850.5,1.3862943611198906,7.523211151826211
52,International,3,1793.5,1.0986122886681098,7.491924296972337
53,Space,14,1921.5,2.6390573296152584,7.5608614100048985
54,StationGood,1,762.0,0.0,6.635946555686647
55,piece,4,1850.5,1.3862943611198906,7.523211151826211
56,volcanoes,1,762.0,0.0,6.635946555686647
57,USGS,1,762.0,0.0,6.635946555686647
58,would,10,1914.0,2.302585092994046,7.5569505720129
59,seem,1,762.0,0.0,6.635946555686647
60,disagreeRoughly,1,762.0,0.0,6.635946555686647
61,equivalent,1,762.0,0.0,6.635946555686647
62,747,1,762.0,0.0,6.635946555686647
63,LA,4,1850.5,1.3862943611198906,7.523211151826211
64,London,4,1850.5,1.3862943611198906,7.523211151826211
65,one,8,1906.0,2.0794415416798357,7.552762084214147
66,wayThats,1,762.0,0.0,6.635946555686647
67,Im,5,1875.5,1.6094379124341003,7.536630569521942
68,believer,1,762.0,0.0,6.635946555686647
69,solar,9,1910.0,2.1972245773362196,7.554858521040676
70,power,4,1850.5,1.3862943611198906,7.523211151826211
71,giant,3,1793.5,1.0986122886681098,7.491924296972337
72,fusion,1,762.0,0.0,6.635946555686647
73,reactor,1,762.0,0.0,6.635946555686647
74,conveniently,1,762.0,0.0,6.635946555686647
75,located,1,762.0,0.0,6.635946555686647
76,skyExactly,1,762.0,0.0,6.635946555686647
77,MT,3,1793.5,1.0986122886681098,7.491924296972337
78,IMHO,1,762.0,0.0,6.635946555686647
79,continuing,1,762.0,0.0,6.635946555686647
80,uncontrolled,1,762.0,0.0,6.635946555686647
81,experiment,1,762.0,0.0,6.635946555686647
82,adding,1,762.0,0.0,6.635946555686647
83,co2,1,762.0,0.0,6.635946555686647
84,atmosphere,2,1640.0,0.6931471805599453,7.402451520818244
85,bad,3,1793.5,1.0986122886681098,7.491924296972337
86,ideahard,1,762.0,0.0,6.635946555686647
87,argue,1,762.0,0.0,6.635946555686647
88,thermometer,1,762.0,0.0,6.635946555686647
89,Global,1,762.0,0.0,6.635946555686647
90,warming,2,1640.0,0.6931471805599453,7.402451520818244
91,real,6,1887.5,1.791759469228055,7.54300848112318
92,accelerating,1,762.0,0.0,6.635946555686647
93,Wish,1,762.0,0.0,6.635946555686647
94,wasntCool,1,762.0,0.0,6.635946555686647
95,video,3,1793.5,1.0986122886681098,7.491924296972337
96,recap,1,762.0,0.0,6.635946555686647
97,big,2,1640.0,0.6931471805599453,7.402451520818244
98,events,1,762.0,0.0,6.635946555686647
99,year,3,1793.5,1.0986122886681098,7.491924296972337
100,Google,3,1793.5,1.0986122886681098,7.491924296972337
101,Zeitgeist2012Relative,1,762.0,0.0,6.635946555686647
102,kerosene,1,762.0,0.0,6.635946555686647
103,methane,1,762.0,0.0,6.635946555686647
104,prone,1,762.0,0.0,6.635946555686647
105,coking,1,762.0,0.0,6.635946555686647
106,run,1,762.0,0.0,6.635946555686647
107,v,3,1793.5,1.0986122886681098,7.491924296972337
108,high,3,1793.5,1.0986122886681098,7.491924296972337
109,purity,1,762.0,0.0,6.635946555686647
110,anyway,1,762.0,0.0,6.635946555686647
111,max,2,1640.0,0.6931471805599453,7.402451520818244
112,IspYup,1,762.0,0.0,6.635946555686647
113,Douglas,1,762.0,0.0,6.635946555686647
114,Aircraft,1,762.0,0.0,6.635946555686647
115,creator,1,762.0,0.0,6.635946555686647
116,awesome,4,1850.5,1.3862943611198906,7.523211151826211
117,DC3big,1,762.0,0.0,6.635946555686647
118,worry,2,1640.0,0.6931471805599453,7.402451520818244
119,long,3,1793.5,1.0986122886681098,7.491924296972337
120,hopefully,1,762.0,0.0,6.635946555686647
121,term,3,1793.5,1.0986122886681098,7.491924296972337
122,dead,2,1640.0,0.6931471805599453,7.402451520818244
123,eg,1,762.0,0.0,6.635946555686647
124,sad,1,762.0,0.0,6.635946555686647
125,situation,1,762.0,0.0,6.635946555686647
126,HPSpaceX,1,762.0,0.0,6.635946555686647
127,go,7,1899.0,1.9459101490553132,7.549082710812286
128,public,3,1793.5,1.0986122886681098,7.491924296972337
129,point,3,1793.5,1.0986122886681098,7.491924296972337
130,think,6,1887.5,1.791759469228055,7.54300848112318
131,ultimately,1,762.0,0.0,6.635946555686647
132,owned,1,762.0,0.0,6.635946555686647
133,primarily,1,762.0,0.0,6.635946555686647
134,publicBest,1,762.0,0.0,6.635946555686647
135,study,1,762.0,0.0,6.635946555686647
136,form,1,762.0,0.0,6.635946555686647
137,engineering,1,762.0,0.0,6.635946555686647
138,art,2,1640.0,0.6931471805599453,7.402451520818244
139,creating,3,1793.5,1.0986122886681098,7.491924296972337
140,useful,1,762.0,0.0,6.635946555686647
141,things,2,1640.0,0.6931471805599453,7.402451520818244
142,didnt,3,1793.5,1.0986122886681098,7.491924296972337
143,existTesla,1,762.0,0.0,6.635946555686647
144,articles,1,762.0,0.0,6.635946555686647
145,30,2,1640.0,0.6931471805599453,7.402451520818244
146,mins,3,1793.5,1.0986122886681098,7.491924296972337
147,apart,1,762.0,0.0,6.635946555686647
148,Stock,2,1640.0,0.6931471805599453,7.402451520818244
149,Screaming,1,762.0,0.0,6.635946555686647
150,Buy,1,762.0,0.0,6.635946555686647
151,Could,1,762.0,0.0,6.635946555686647
152,Get,2,1640.0,0.6931471805599453,7.402451520818244
153,DESTROYEDTesla,1,762.0,0.0,6.635946555686647
154,approved,1,762.0,0.0,6.635946555686647
155,full,4,1850.5,1.3862943611198906,7.523211151826211
156,Class,1,762.0,0.0,6.635946555686647
157,1,3,1793.5,1.0986122886681098,7.491924296972337
158,Massachusetts,1,762.0,0.0,6.635946555686647
159,Auto,1,762.0,0.0,6.635946555686647
160,Sales,1,762.0,0.0,6.635946555686647
161,License,1,762.0,0.0,6.635946555686647
162,vote,1,762.0,0.0,6.635946555686647
163,4,1,762.0,0.0,6.635946555686647
164,Much,1,762.0,0.0,6.635946555686647
165,appreciatedTold,1,762.0,0.0,6.635946555686647
166,kids,6,1887.5,1.791759469228055,7.54300848112318
167,age,2,1640.0,0.6931471805599453,7.402451520818244
168,8,1,762.0,0.0,6.635946555686647
169,going,2,1640.0,0.6931471805599453,7.402451520818244
170,see,5,1875.5,1.6094379124341003,7.536630569521942
171,Nutcracker,1,762.0,0.0,6.635946555686647
172,somehow,1,762.0,0.0,6.635946555686647
173,got,2,1640.0,0.6931471805599453,7.402451520818244
174,translated,1,762.0,0.0,6.635946555686647
175,ButtcrackerCongrats,1,762.0,0.0,6.635946555686647
176,first,10,1914.0,2.302585092994046,7.5569505720129
177,drive,4,1850.5,1.3862943611198906,7.523211151826211
178,400,3,1793.5,1.0986122886681098,7.491924296972337
179,single,3,1793.5,1.0986122886681098,7.491924296972337
180,chargeInteresting,1,762.0,0.0,6.635946555686647
181,possible,2,1640.0,0.6931471805599453,7.402451520818244
182,answer,1,762.0,0.0,6.635946555686647
183,Fermi,1,762.0,0.0,6.635946555686647
184,Paradoxhappy,1,762.0,0.0,6.635946555686647
185,report,1,762.0,0.0,6.635946555686647
186,narrowly,1,762.0,0.0,6.635946555686647
187,cash,1,762.0,0.0,6.635946555686647
188,flow,1,762.0,0.0,6.635946555686647
189,positive,1,762.0,0.0,6.635946555686647
190,last,5,1875.5,1.6094379124341003,7.536630569521942
191,week,3,1793.5,1.0986122886681098,7.491924296972337
192,Continued,1,762.0,0.0,6.635946555686647
193,improvement,1,762.0,0.0,6.635946555686647
194,expected,1,762.0,0.0,6.635946555686647
195,endUranium,1,762.0,0.0,6.635946555686647
196,ore,1,762.0,0.0,6.635946555686647
197,available,1,762.0,0.0,6.635946555686647
198,Amazon,1,762.0,0.0,6.635946555686647
199,much,4,1850.5,1.3862943611198906,7.523211151826211
200,convenient,1,762.0,0.0,6.635946555686647
201,Uzbekistan,1,762.0,0.0,6.635946555686647
202,AwesomeXmasGiftsThanks,1,762.0,0.0,6.635946555686647
203,ShervinCant,1,762.0,0.0,6.635946555686647
204,put,2,1640.0,0.6931471805599453,7.402451520818244
205,finger,1,762.0,0.0,6.635946555686647
206,reason,2,1640.0,0.6931471805599453,7.402451520818244
207,newsstand,1,762.0,0.0,6.635946555686647
208,looking,3,1793.5,1.0986122886681098,7.491924296972337
209,particularly,1,762.0,0.0,6.635946555686647
210,good,11,1918.0,2.3978952727983707,7.559038255443384
211,righthumanity,1,762.0,0.0,6.635946555686647
212,wishes,2,1640.0,0.6931471805599453,7.402451520818244
213,become,2,1640.0,0.6931471805599453,7.402451520818244
214,multiplanet,1,762.0,0.0,6.635946555686647
215,species,1,762.0,0.0,6.635946555686647
216,must,2,1640.0,0.6931471805599453,7.402451520818244
217,figure,1,762.0,0.0,6.635946555686647
218,move,2,1640.0,0.6931471805599453,7.402451520818244
219,millions,1,762.0,0.0,6.635946555686647
220,people,11,1918.0,2.3978952727983707,7.559038255443384
221,Marsyes,1,762.0,0.0,6.635946555686647
222,fact,2,1640.0,0.6931471805599453,7.402451520818244
223,know,6,1887.5,1.791759469228055,7.54300848112318
224,sounds,1,762.0,0.0,6.635946555686647
225,crazy,2,1640.0,0.6931471805599453,7.402451520818244
226,lost,2,1640.0,0.6931471805599453,7.402451520818244
227,aloneMillions,1,762.0,0.0,6.635946555686647
228,needed,2,1640.0,0.6931471805599453,7.402451520818244
229,Mars,8,1906.0,2.0794415416798357,7.552762084214147
230,colony,1,762.0,0.0,6.635946555686647
231,80k,1,762.0,0.0,6.635946555686647
232,number,2,1640.0,0.6931471805599453,7.402451520818244
233,moving,1,762.0,0.0,6.635946555686647
234,per,1,762.0,0.0,6.635946555686647
235,yearShort,1,762.0,0.0,6.635946555686647
236,recent,1,762.0,0.0,6.635946555686647
237,mission,2,1640.0,0.6931471805599453,7.402451520818244
238,Intl,1,762.0,0.0,6.635946555686647
239,StationSS,1,762.0,0.0,6.635946555686647
240,Heart,1,762.0,0.0,6.635946555686647
241,Gold,1,762.0,0.0,6.635946555686647
242,powered,1,762.0,0.0,6.635946555686647
243,Infinite,1,762.0,0.0,6.635946555686647
244,Improbability,1,762.0,0.0,6.635946555686647
245,Drivetalk,1,762.0,0.0,6.635946555686647
246,Royal,1,762.0,0.0,6.635946555686647
247,Aeronautical,1,762.0,0.0,6.635946555686647
248,Society,1,762.0,0.0,6.635946555686647
249,online,1,762.0,0.0,6.635946555686647
250,gets,1,762.0,0.0,6.635946555686647
251,technicalLiam,1,762.0,0.0,6.635946555686647
252,Neesons,1,762.0,0.0,6.635946555686647
253,Lifes,1,762.0,0.0,6.635946555686647
254,Short,1,762.0,0.0,6.635946555686647
255,sketch,2,1640.0,0.6931471805599453,7.402451520818244
256,super,2,1640.0,0.6931471805599453,7.402451520818244
257,funnyplus,1,762.0,0.0,6.635946555686647
258,side,2,1640.0,0.6931471805599453,7.402451520818244
259,Climate,1,762.0,0.0,6.635946555686647
260,change,2,1640.0,0.6931471805599453,7.402451520818244
261,silver,1,762.0,0.0,6.635946555686647
262,lining,1,762.0,0.0,6.635946555686647
263,supersized,1,762.0,0.0,6.635946555686647
264,sweet,1,762.0,0.0,6.635946555686647
265,potatoesGave,1,762.0,0.0,6.635946555686647
266,talk,1,762.0,0.0,6.635946555686647
267,energy,3,1793.5,1.0986122886681098,7.491924296972337
268,transport,2,1640.0,0.6931471805599453,7.402451520818244
269,Oxford,3,1793.5,1.0986122886681098,7.491924296972337
270,UnivExactlyLove,1,762.0,0.0,6.635946555686647
271,picture,2,1640.0,0.6931471805599453,7.402451520818244
272,Curiousity,1,762.0,0.0,6.635946555686647
273,rover,1,762.0,0.0,6.635946555686647
274,Landscape,1,762.0,0.0,6.635946555686647
275,looks,3,1793.5,1.0986122886681098,7.491924296972337
276,like,9,1910.0,2.1972245773362196,7.554858521040676
277,California,5,1875.5,1.6094379124341003,7.536630569521942
278,desertBtw,1,762.0,0.0,6.635946555686647
279,dont,3,1793.5,1.0986122886681098,7.491924296972337
280,Apple,1,762.0,0.0,6.635946555686647
281,doomed,1,762.0,0.0,6.635946555686647
282,wont,1,762.0,0.0,6.635946555686647
283,unseat,1,762.0,0.0,6.635946555686647
284,1st,4,1850.5,1.3862943611198906,7.523211151826211
285,place,2,1640.0,0.6931471805599453,7.402451520818244
286,Larry,2,1640.0,0.6931471805599453,7.402451520818244
287,P,1,762.0,0.0,6.635946555686647
288,chargeMass,1,762.0,0.0,6.635946555686647
289,judge,1,762.0,0.0,6.635946555686647
290,denies,1,762.0,0.0,6.635946555686647
291,auto,1,762.0,0.0,6.635946555686647
292,dealers,1,762.0,0.0,6.635946555686647
293,demand,1,762.0,0.0,6.635946555686647
294,kill,1,762.0,0.0,6.635946555686647
295,store,1,762.0,0.0,6.635946555686647
296,Yay,2,1640.0,0.6931471805599453,7.402451520818244
297,justice,1,762.0,0.0,6.635946555686647
298,prevailsAmoss,1,762.0,0.0,6.635946555686647
299,article,4,1850.5,1.3862943611198906,7.523211151826211
300,fair,1,762.0,0.0,6.635946555686647
301,editor,1,762.0,0.0,6.635946555686647
302,chose,1,762.0,0.0,6.635946555686647
303,sensational,1,762.0,0.0,6.635946555686647
304,headline,1,762.0,0.0,6.635946555686647
305,amp,14,1921.5,2.6390573296152584,7.5608614100048985
306,used,3,1793.5,1.0986122886681098,7.491924296972337
307,quotes,1,762.0,0.0,6.635946555686647
308,even,3,1793.5,1.0986122886681098,7.491924296972337
309,though,3,1793.5,1.0986122886681098,7.491924296972337
310,actually,6,1887.5,1.791759469228055,7.54300848112318
311,sayarticles,1,762.0,0.0,6.635946555686647
312,News,1,762.0,0.0,6.635946555686647
313,describe,1,762.0,0.0,6.635946555686647
314,Ariane,4,1850.5,1.3862943611198906,7.523211151826211
315,vs,1,762.0,0.0,6.635946555686647
316,5misquoted,1,762.0,0.0,6.635946555686647
317,BBC,1,762.0,0.0,6.635946555686647
318,saying,3,1793.5,1.0986122886681098,7.491924296972337
319,Europes,1,762.0,0.0,6.635946555686647
320,chance,2,1640.0,0.6931471805599453,7.402451520818244
321,said,2,1640.0,0.6931471805599453,7.402451520818244
322,FrancoGerman,1,762.0,0.0,6.635946555686647
323,5,6,1887.5,1.791759469228055,7.54300848112318
324,6returned,1,762.0,0.0,6.635946555686647
325,trip,3,1793.5,1.0986122886681098,7.491924296972337
326,met,1,762.0,0.0,6.635946555686647
327,many,7,1899.0,1.9459101490553132,7.549082710812286
328,interesting,3,1793.5,1.0986122886681098,7.491924296972337
329,really,8,1906.0,2.0794415416798357,7.552762084214147
330,BritainOriginal,1,762.0,0.0,6.635946555686647
331,ModelSounds,1,762.0,0.0,6.635946555686647
332,Consumer,1,762.0,0.0,6.635946555686647
333,Reports,1,762.0,0.0,6.635946555686647
334,experience,1,762.0,0.0,6.635946555686647
335,ModelCool,1,762.0,0.0,6.635946555686647
336,story,2,1640.0,0.6931471805599453,7.402451520818244
337,installation,1,762.0,0.0,6.635946555686647
338,hurricane,1,762.0,0.0,6.635946555686647
339,Sandy,1,762.0,0.0,6.635946555686647
340,Good,1,762.0,0.0,6.635946555686647
341,guysAlexander,1,762.0,0.0,6.635946555686647
342,Hamilton,1,762.0,0.0,6.635946555686647
343,awesomeView,1,762.0,0.0,6.635946555686647
344,water,1,762.0,0.0,6.635946555686647
345,tower,1,762.0,0.0,6.635946555686647
346,Note,1,762.0,0.0,6.635946555686647
347,SUV,1,762.0,0.0,6.635946555686647
348,person,2,1640.0,0.6931471805599453,7.402451520818244
349,nearby,1,762.0,0.0,6.635946555686647
350,sense,2,1640.0,0.6931471805599453,7.402451520818244
351,sizeGood,1,762.0,0.0,6.635946555686647
352,skit,1,762.0,0.0,6.635946555686647
353,Henri,1,762.0,0.0,6.635946555686647
354,Le,1,762.0,0.0,6.635946555686647
355,Chat,1,762.0,0.0,6.635946555686647
356,Noir,1,762.0,0.0,6.635946555686647
357,Camus,1,762.0,0.0,6.635946555686647
358,cat,4,1850.5,1.3862943611198906,7.523211151826211
359,formEngine,1,762.0,0.0,6.635946555686647
360,gimbals,1,762.0,0.0,6.635946555686647
361,pitch,1,762.0,0.0,6.635946555686647
362,yaw,1,762.0,0.0,6.635946555686647
363,gas,2,1640.0,0.6931471805599453,7.402451520818244
364,thrusters,4,1850.5,1.3862943611198906,7.523211151826211
365,rollFirst,1,762.0,0.0,6.635946555686647
366,10,3,1793.5,1.0986122886681098,7.491924296972337
367,tall,2,1640.0,0.6931471805599453,7.402451520818244
368,using,2,1640.0,0.6931471805599453,7.402451520818244
369,closed,1,762.0,0.0,6.635946555686647
370,loop,1,762.0,0.0,6.635946555686647
371,thrust,4,1850.5,1.3862943611198906,7.523211151826211
372,vector,3,1793.5,1.0986122886681098,7.491924296972337
373,throttle,1,762.0,0.0,6.635946555686647
374,controlReply,1,762.0,0.0,6.635946555686647
375,avg,1,762.0,0.0,6.635946555686647
376,speed,2,1640.0,0.6931471805599453,7.402451520818244
377,ummm,1,762.0,0.0,6.635946555686647
378,Got,1,762.0,0.0,6.635946555686647
379,ticket,1,762.0,0.0,6.635946555686647
380,92,1,762.0,0.0,6.635946555686647
381,mph,3,1793.5,1.0986122886681098,7.491924296972337
382,I5,1,762.0,0.0,6.635946555686647
383,need,4,1850.5,1.3862943611198906,7.523211151826211
384,Autobahn,1,762.0,0.0,6.635946555686647
385,CAV,1,762.0,0.0,6.635946555686647
386,proud,3,1793.5,1.0986122886681098,7.491924296972337
387,team,3,1793.5,1.0986122886681098,7.491924296972337
388,completing,1,762.0,0.0,6.635946555686647
389,1000th,1,762.0,0.0,6.635946555686647
390,body,1,762.0,0.0,6.635946555686647
391,cars,5,1875.5,1.6094379124341003,7.536630569521942
392,made,3,1793.5,1.0986122886681098,7.491924296972337
393,month,3,1793.5,1.0986122886681098,7.491924296972337
394,entire,1,762.0,0.0,6.635946555686647
395,rest,2,1640.0,0.6931471805599453,7.402451520818244
396,yearReply,1,762.0,0.0,6.635946555686647
397,Yes,2,1640.0,0.6931471805599453,7.402451520818244
398,seats,2,1640.0,0.6931471805599453,7.402451520818244
399,adults,1,762.0,0.0,6.635946555686647
400,2,2,1640.0,0.6931471805599453,7.402451520818244
401,room,2,1640.0,0.6931471805599453,7.402451520818244
402,luggage,1,762.0,0.0,6.635946555686647
403,front,1,762.0,0.0,6.635946555686647
404,trunk,1,762.0,0.0,6.635946555686647
405,love,4,1850.5,1.3862943611198906,7.523211151826211
406,rear,1,762.0,0.0,6.635946555686647
407,facing,1,762.0,0.0,6.635946555686647
408,bestPic,1,762.0,0.0,6.635946555686647
409,getting,1,762.0,0.0,6.635946555686647
410,supercharged,1,762.0,0.0,6.635946555686647
411,lovelyLA,1,762.0,0.0,6.635946555686647
412,SF,1,762.0,0.0,6.635946555686647
413,road,1,762.0,0.0,6.635946555686647
414,Talulah,1,762.0,0.0,6.635946555686647
415,Supercharger,3,1793.5,1.0986122886681098,7.491924296972337
416,finished,2,1640.0,0.6931471805599453,7.402451520818244
417,charging,1,762.0,0.0,6.635946555686647
418,b4,1,762.0,0.0,6.635946555686647
419,burgerswrote,1,762.0,0.0,6.635946555686647
420,blog,1,762.0,0.0,6.635946555686647
421,storesLong,1,762.0,0.0,6.635946555686647
422,exposure,1,762.0,0.0,6.635946555686647
423,shot,2,1640.0,0.6931471805599453,7.402451520818244
424,Dragon,11,1918.0,2.3978952727983707,7.559038255443384
425,Station,10,1914.0,2.302585092994046,7.5569505720129
426,arcing,1,762.0,0.0,6.635946555686647
427,across,2,1640.0,0.6931471805599453,7.402451520818244
428,night,4,1850.5,1.3862943611198906,7.523211151826211
429,sky,1,762.0,0.0,6.635946555686647
430,TexasFalcon,1,762.0,0.0,6.635946555686647
431,9,6,1887.5,1.791759469228055,7.54300848112318
432,booster,1,762.0,0.0,6.635946555686647
433,delivered,1,762.0,0.0,6.635946555686647
434,target,2,1640.0,0.6931471805599453,7.402451520818244
435,orbitTime,1,762.0,0.0,6.635946555686647
436,lapse,1,762.0,0.0,6.635946555686647
437,roll,1,762.0,0.0,6.635946555686647
438,3,1,762.0,0.0,6.635946555686647
439,hours,1,762.0,0.0,6.635946555686647
440,45,1,762.0,0.0,6.635946555686647
441,liftupdate,1,762.0,0.0,6.635946555686647
442,TeslaSorry,1,762.0,0.0,6.635946555686647
443,meant,2,1640.0,0.6931471805599453,7.402451520818244
444,say,3,1793.5,1.0986122886681098,7.491924296972337
445,EDTLaunching,1,762.0,0.0,6.635946555686647
446,Falcon,9,1910.0,2.1972245773362196,7.554858521040676
447,spacecraft,2,1640.0,0.6931471805599453,7.402451520818244
448,Sunday,2,1640.0,0.6931471805599453,7.402451520818244
449,835pm,1,762.0,0.0,6.635946555686647
450,ESTReview,1,762.0,0.0,6.635946555686647
451,ModelView,1,762.0,0.0,6.635946555686647
452,landing,4,1850.5,1.3862943611198906,7.523211151826211
453,leg,3,1793.5,1.0986122886681098,7.491924296972337
454,rig,1,762.0,0.0,6.635946555686647
455,aka,1,762.0,0.0,6.635946555686647
456,Projecttest,1,762.0,0.0,6.635946555686647
457,firing,3,1793.5,1.0986122886681098,7.491924296972337
458,advanced,3,1793.5,1.0986122886681098,7.491924296972337
459,engine,4,1850.5,1.3862943611198906,7.523211151826211
460,Merlin,2,1640.0,0.6931471805599453,7.402451520818244
461,1DVac,1,762.0,0.0,6.635946555686647
462,80,1,762.0,0.0,6.635946555686647
463,tons,1,762.0,0.0,6.635946555686647
464,thrustTesla,1,762.0,0.0,6.635946555686647
465,time,10,1914.0,2.302585092994046,7.5569505720129
466,allow,1,762.0,0.0,6.635946555686647
467,travel,1,762.0,0.0,6.635946555686647
468,anywhere,1,762.0,0.0,6.635946555686647
469,pure,2,1640.0,0.6931471805599453,7.402451520818244
470,sunlight,1,762.0,0.0,6.635946555686647
471,freeModel,1,762.0,0.0,6.635946555686647
472,Totally,1,762.0,0.0,6.635946555686647
473,criticisms,1,762.0,0.0,6.635946555686647
474,Corrections,1,762.0,0.0,6.635946555686647
475,coming,3,1793.5,1.0986122886681098,7.491924296972337
476,soonFirst,1,762.0,0.0,6.635946555686647
477,hop,1,762.0,0.0,6.635946555686647
478,VTVL,1,762.0,0.0,6.635946555686647
479,rocketfirst,1,762.0,0.0,6.635946555686647
480,owner,2,1640.0,0.6931471805599453,7.402451520818244
481,coast,2,1640.0,0.6931471805599453,7.402451520818244
482,complete,3,1793.5,1.0986122886681098,7.491924296972337
483,journeyTesla,1,762.0,0.0,6.635946555686647
484,100,1,762.0,0.0,6.635946555686647
485,vehicle,1,762.0,0.0,6.635946555686647
486,bodies,1,762.0,0.0,6.635946555686647
487,Really,1,762.0,0.0,6.635946555686647
488,Pic,1,762.0,0.0,6.635946555686647
489,SN,1,762.0,0.0,6.635946555686647
490,396Tesla,1,762.0,0.0,6.635946555686647
491,unveiling,2,1640.0,0.6931471805599453,7.402451520818244
492,event,2,1640.0,0.6931471805599453,7.402451520818244
493,set,2,1640.0,0.6931471805599453,7.402451520818244
494,Sept,1,762.0,0.0,6.635946555686647
495,24,1,762.0,0.0,6.635946555686647
496,feel,2,1640.0,0.6931471805599453,7.402451520818244
497,alien,1,762.0,0.0,6.635946555686647
498,spaceships,1,762.0,0.0,6.635946555686647
499,landed,1,762.0,0.0,6.635946555686647
500,highway,1,762.0,0.0,6.635946555686647
501,stopsAmazing,1,762.0,0.0,6.635946555686647
502,series,2,1640.0,0.6931471805599453,7.402451520818244
503,space,4,1850.5,1.3862943611198906,7.523211151826211
504,pics,1,762.0,0.0,6.635946555686647
505,assembledTesla,1,762.0,0.0,6.635946555686647
506,285,1,762.0,0.0,6.635946555686647
507,Vegas,2,1640.0,0.6931471805599453,7.402451520818244
508,beach,2,1640.0,0.6931471805599453,7.402451520818244
509,chargepiece,1,762.0,0.0,6.635946555686647
510,NYT,1,762.0,0.0,6.635946555686647
511,worth,1,762.0,0.0,6.635946555686647
512,readExtending,1,762.0,0.0,6.635946555686647
513,life,7,1899.0,1.9459101490553132,7.549082710812286
514,ensure,2,1640.0,0.6931471805599453,7.402451520818244
515,humanitys,2,1640.0,0.6931471805599453,7.402451520818244
516,survival,1,762.0,0.0,6.635946555686647
517,greatest,1,762.0,0.0,6.635946555686647
518,exciting,4,1850.5,1.3862943611198906,7.523211151826211
519,adventure,2,1640.0,0.6931471805599453,7.402451520818244
520,everBack,1,762.0,0.0,6.635946555686647
521,envelope,1,762.0,0.0,6.635946555686647
522,calc,1,762.0,0.0,6.635946555686647
523,wd,2,1640.0,0.6931471805599453,7.402451520818244
524,accelerate,1,762.0,0.0,6.635946555686647
525,25,1,762.0,0.0,6.635946555686647
526,gs,1,762.0,0.0,6.635946555686647
527,break,2,1640.0,0.6931471805599453,7.402451520818244
528,sound,2,1640.0,0.6931471805599453,7.402451520818244
529,barrier,1,762.0,0.0,6.635946555686647
530,lt15,1,762.0,0.0,6.635946555686647
531,sectest,1,762.0,0.0,6.635946555686647
532,Motor,3,1793.5,1.0986122886681098,7.491924296972337
533,Trend,2,1640.0,0.6931471805599453,7.402451520818244
534,drove,1,762.0,0.0,6.635946555686647
535,San,1,762.0,0.0,6.635946555686647
536,Diego,1,762.0,0.0,6.635946555686647
537,back,4,1850.5,1.3862943611198906,7.523211151826211
538,without,4,1850.5,1.3862943611198906,7.523211151826211
539,rechargingMotor,1,762.0,0.0,6.635946555686647
540,tests,1,762.0,0.0,6.635946555686647
541,fastest,1,762.0,0.0,6.635946555686647
542,American,4,1850.5,1.3862943611198906,7.523211151826211
543,sedan,1,762.0,0.0,6.635946555686647
544,39,1,762.0,0.0,6.635946555686647
545,sec,2,1640.0,0.6931471805599453,7.402451520818244
546,060,2,1640.0,0.6931471805599453,7.402451520818244
547,tied,1,762.0,0.0,6.635946555686647
548,worldwide,1,762.0,0.0,6.635946555686647
549,stopping,1,762.0,0.0,6.635946555686647
550,distanceNeil,1,762.0,0.0,6.635946555686647
551,Armstrong,1,762.0,0.0,6.635946555686647
552,hero,2,1640.0,0.6931471805599453,7.402451520818244
553,humanity,2,1640.0,0.6931471805599453,7.402451520818244
554,spirit,1,762.0,0.0,6.635946555686647
555,carry,2,1640.0,0.6931471805599453,7.402451520818244
556,us,4,1850.5,1.3862943611198906,7.523211151826211
557,starslove,1,762.0,0.0,6.635946555686647
558,sight,1,762.0,0.0,6.635946555686647
559,Teslas,1,762.0,0.0,6.635946555686647
560,morning,1,762.0,0.0,6.635946555686647
561,Production,2,1640.0,0.6931471805599453,7.402451520818244
562,line,1,762.0,0.0,6.635946555686647
563,goodGlad,1,762.0,0.0,6.635946555686647
564,contribute,1,762.0,0.0,6.635946555686647
565,museum,1,762.0,0.0,6.635946555686647
566,future,6,1887.5,1.791759469228055,7.54300848112318
567,mango,1,762.0,0.0,6.635946555686647
568,jury,1,762.0,0.0,6.635946555686647
569,selection,1,762.0,0.0,6.635946555686647
570,process,1,762.0,0.0,6.635946555686647
571,Trial,1,762.0,0.0,6.635946555686647
572,concerns,1,762.0,0.0,6.635946555686647
573,alleged,1,762.0,0.0,6.635946555686647
574,gang,1,762.0,0.0,6.635946555686647
575,related,1,762.0,0.0,6.635946555686647
576,murder,1,762.0,0.0,6.635946555686647
577,HardcoreV,1,762.0,0.0,6.635946555686647
578,important,1,762.0,0.0,6.635946555686647
579,make,7,1899.0,1.9459101490553132,7.549082710812286
580,case,1,762.0,0.0,6.635946555686647
581,particular,1,762.0,0.0,6.635946555686647
582,duty,1,762.0,0.0,6.635946555686647
583,owed,2,1640.0,0.6931471805599453,7.402451520818244
584,taxpayerDeeply,1,762.0,0.0,6.635946555686647
585,appreciate,1,762.0,0.0,6.635946555686647
586,faith,1,762.0,0.0,6.635946555686647
587,whatever,1,762.0,0.0,6.635946555686647
588,takes,1,762.0,0.0,6.635946555686647
589,NASA,3,1793.5,1.0986122886681098,7.491924296972337
590,proudSure,1,762.0,0.0,6.635946555686647
591,clear,1,762.0,0.0,6.635946555686647
592,include,1,762.0,0.0,6.635946555686647
593,US,2,1640.0,0.6931471805599453,7.402451520818244
594,thermalPV1st,1,762.0,0.0,6.635946555686647
595,gigawatt,1,762.0,0.0,6.635946555686647
596,hour,2,1640.0,0.6931471805599453,7.402451520818244
597,day,3,1793.5,1.0986122886681098,7.491924296972337
598,achieved,1,762.0,0.0,6.635946555686647
599,Predict,1,762.0,0.0,6.635946555686647
600,terawatt,1,762.0,0.0,6.635946555686647
601,lt,1,762.0,0.0,6.635946555686647
602,15,2,1640.0,0.6931471805599453,7.402451520818244
603,yearsIm,1,762.0,0.0,6.635946555686647
604,neither,1,762.0,0.0,6.635946555686647
605,anticonservative,1,762.0,0.0,6.635946555686647
606,antiliberal,1,762.0,0.0,6.635946555686647
607,group,1,762.0,0.0,6.635946555686647
608,Ideas,1,762.0,0.0,6.635946555686647
609,considered,1,762.0,0.0,6.635946555686647
610,meritsIndividuals,1,762.0,0.0,6.635946555686647
611,tides,1,762.0,0.0,6.635946555686647
612,Life,1,762.0,0.0,6.635946555686647
613,Brian,1,762.0,0.0,6.635946555686647
614,points,2,1640.0,0.6931471805599453,7.402451520818244
615,individuals,1,762.0,0.0,6.635946555686647
616,except,1,762.0,0.0,6.635946555686647
617,guyPeople,1,762.0,0.0,6.635946555686647
618,ought,1,762.0,0.0,6.635946555686647
619,wrote,2,1640.0,0.6931471805599453,7.402451520818244
620,software,1,762.0,0.0,6.635946555686647
621,thats,1,762.0,0.0,6.635946555686647
622,running,1,762.0,0.0,6.635946555686647
623,head,2,1640.0,0.6931471805599453,7.402451520818244
624,sigh,1,762.0,0.0,6.635946555686647
625,probably,3,1793.5,1.0986122886681098,7.491924296972337
626,wasntDont,1,762.0,0.0,6.635946555686647
627,dark,2,1640.0,0.6931471805599453,7.402451520818244
628,manipulators,1,762.0,0.0,6.635946555686647
629,Adbusters,1,762.0,0.0,6.635946555686647
630,played,1,762.0,0.0,6.635946555686647
631,major,1,762.0,0.0,6.635946555686647
632,role,1,762.0,0.0,6.635946555686647
633,OccupyWould,1,762.0,0.0,6.635946555686647
634,supertruck,1,762.0,0.0,6.635946555686647
635,torque,2,1640.0,0.6931471805599453,7.402451520818244
636,dynamic,1,762.0,0.0,6.635946555686647
637,air,2,1640.0,0.6931471805599453,7.402451520818244
638,suspension,1,762.0,0.0,6.635946555686647
639,corners,1,762.0,0.0,6.635946555686647
640,rails,1,762.0,0.0,6.635946555686647
641,Thatd,1,762.0,0.0,6.635946555686647
642,sweetGood,1,762.0,0.0,6.635946555686647
643,assessment,1,762.0,0.0,6.635946555686647
644,Dark,1,762.0,0.0,6.635946555686647
645,Knight,1,762.0,0.0,6.635946555686647
646,Rises,1,762.0,0.0,6.635946555686647
647,Atlantic,1,762.0,0.0,6.635946555686647
648,Dickens,1,762.0,0.0,6.635946555686647
649,RandModel,1,762.0,0.0,6.635946555686647
650,starts,1,762.0,0.0,6.635946555686647
651,50k,1,762.0,0.0,6.635946555686647
652,federal,1,762.0,0.0,6.635946555686647
653,rebate,1,762.0,0.0,6.635946555686647
654,Gen3,2,1640.0,0.6931471805599453,7.402451520818244
655,30k,1,762.0,0.0,6.635946555686647
656,Need,1,762.0,0.0,6.635946555686647
657,optimize,1,762.0,0.0,6.635946555686647
658,design,2,1640.0,0.6931471805599453,7.402451520818244
659,scale,2,1640.0,0.6931471805599453,7.402451520818244
660,volumeGoal,1,762.0,0.0,6.635946555686647
661,show,2,1640.0,0.6931471805599453,7.402451520818244
662,electric,3,1793.5,1.0986122886681098,7.491924296972337
663,way,7,1899.0,1.9459101490553132,7.549082710812286
664,better,8,1906.0,2.0794415416798357,7.552762084214147
665,Combine,1,762.0,0.0,6.635946555686647
666,w,3,1793.5,1.0986122886681098,7.491924296972337
667,brightWorth,1,762.0,0.0,6.635946555686647
668,noting,1,762.0,0.0,6.635946555686647
669,Mullers,1,762.0,0.0,6.635946555686647
670,research,1,762.0,0.0,6.635946555686647
671,confirming,1,762.0,0.0,6.635946555686647
672,global,1,762.0,0.0,6.635946555686647
673,funded,1,762.0,0.0,6.635946555686647
674,Koch,1,762.0,0.0,6.635946555686647
675,Fate,2,1640.0,0.6931471805599453,7.402451520818244
676,loves,1,762.0,0.0,6.635946555686647
677,ironyOlympics,1,762.0,0.0,6.635946555686647
678,opening,1,762.0,0.0,6.635946555686647
679,excellently,1,762.0,0.0,6.635946555686647
680,British,1,762.0,0.0,6.635946555686647
681,Jolly,1,762.0,0.0,6.635946555686647
682,showAbandoned,1,762.0,0.0,6.635946555686647
683,biked,1,762.0,0.0,6.635946555686647
684,Super,1,762.0,0.0,6.635946555686647
685,fun,2,1640.0,0.6931471805599453,7.402451520818244
686,Next,2,1640.0,0.6931471805599453,7.402451520818244
687,minus,1,762.0,0.0,6.635946555686647
688,tweed,1,762.0,0.0,6.635946555686647
689,jacketYes,1,762.0,0.0,6.635946555686647
690,absolute,1,762.0,0.0,6.635946555686647
691,goal,2,1640.0,0.6931471805599453,7.402451520818244
692,always,1,762.0,0.0,6.635946555686647
693,mass,1,762.0,0.0,6.635946555686647
694,market,1,762.0,0.0,6.635946555686647
695,finally,1,762.0,0.0,6.635946555686647
696,get,3,1793.5,1.0986122886681098,7.491924296972337
697,programsong,1,762.0,0.0,6.635946555686647
698,knowBiggest,1,762.0,0.0,6.635946555686647
699,risk,1,762.0,0.0,6.635946555686647
700,take,4,1850.5,1.3862943611198906,7.523211151826211
701,solve,1,762.0,0.0,6.635946555686647
702,sustainable,1,762.0,0.0,6.635946555686647
703,problem,1,762.0,0.0,6.635946555686647
704,causing,1,762.0,0.0,6.635946555686647
705,climate,1,762.0,0.0,6.635946555686647
706,meltdownCompared,1,762.0,0.0,6.635946555686647
707,past,1,762.0,0.0,6.635946555686647
708,todays,1,762.0,0.0,6.635946555686647
709,world,4,1850.5,1.3862943611198906,7.523211151826211
710,fantastic,1,762.0,0.0,6.635946555686647
711,likely,3,1793.5,1.0986122886681098,7.491924296972337
712,decades,1,762.0,0.0,6.635946555686647
713,cover,2,1640.0,0.6931471805599453,7.402451520818244
714,downside,1,762.0,0.0,6.635946555686647
715,riskAsimovs,1,762.0,0.0,6.635946555686647
716,Foundation,2,1640.0,0.6931471805599453,7.402451520818244
717,civilizations,1,762.0,0.0,6.635946555686647
718,fall,1,762.0,0.0,6.635946555686647
719,Must,1,762.0,0.0,6.635946555686647
720,period,1,762.0,0.0,6.635946555686647
721,short,2,1640.0,0.6931471805599453,7.402451520818244
722,finiteBig,1,762.0,0.0,6.635946555686647
723,oil,1,762.0,0.0,6.635946555686647
724,pulling,1,762.0,0.0,6.635946555686647
725,trick,1,762.0,0.0,6.635946555686647
726,smoking,2,1640.0,0.6931471805599453,7.402451520818244
727,diff,1,762.0,0.0,6.635946555686647
728,atmosphere30,1,762.0,0.0,6.635946555686647
729,years,6,1887.5,1.791759469228055,7.54300848112318
730,ago,2,1640.0,0.6931471805599453,7.402451520818244
731,98,1,762.0,0.0,6.635946555686647
732,scientists,2,1640.0,0.6931471805599453,7.402451520818244
733,caused,1,762.0,0.0,6.635946555686647
734,cancer,1,762.0,0.0,6.635946555686647
735,tobacco,1,762.0,0.0,6.635946555686647
736,industry,1,762.0,0.0,6.635946555686647
737,response,1,762.0,0.0,6.635946555686647
738,still,3,1793.5,1.0986122886681098,7.491924296972337
739,disagreedebating,1,762.0,0.0,6.635946555686647
740,nature,1,762.0,0.0,6.635946555686647
741,citizen,1,762.0,0.0,6.635946555686647
742,state,3,1793.5,1.0986122886681098,7.491924296972337
743,effective,1,762.0,0.0,6.635946555686647
744,democracy,1,762.0,0.0,6.635946555686647
745,necessary,1,762.0,0.0,6.635946555686647
746,revolution,1,762.0,0.0,6.635946555686647
747,moderatedHeard,1,762.0,0.0,6.635946555686647
748,comment,1,762.0,0.0,6.635946555686647
749,debate,2,1640.0,0.6931471805599453,7.402451520818244
750,angels,1,762.0,0.0,6.635946555686647
751,others,2,1640.0,0.6931471805599453,7.402451520818244
752,harbor,1,762.0,0.0,6.635946555686647
753,noneYellowstone,1,762.0,0.0,6.635946555686647
754,style,1,762.0,0.0,6.635946555686647
755,women,2,1640.0,0.6931471805599453,7.402451520818244
756,society,1,762.0,0.0,6.635946555686647
757,favorWelcome,1,762.0,0.0,6.635946555686647
758,qwerty,1,762.0,0.0,6.635946555686647
759,monkey,2,1640.0,0.6931471805599453,7.402451520818244
760,Jesus,1,762.0,0.0,6.635946555686647
761,top,1,762.0,0.0,6.635946555686647
762,popular,2,1640.0,0.6931471805599453,7.402451520818244
763,passwords,1,762.0,0.0,6.635946555686647
764,passwordpublish,1,762.0,0.0,6.635946555686647
765,something,3,1793.5,1.0986122886681098,7.491924296972337
766,Hyperloop,1,762.0,0.0,6.635946555686647
767,four,2,1640.0,0.6931471805599453,7.402451520818244
768,weeks,1,762.0,0.0,6.635946555686647
769,forgo,1,762.0,0.0,6.635946555686647
770,patents,1,762.0,0.0,6.635946555686647
771,idea,1,762.0,0.0,6.635946555686647
772,open,1,762.0,0.0,6.635946555686647
773,source,1,762.0,0.0,6.635946555686647
774,vac,1,762.0,0.0,6.635946555686647
775,tunnel,1,762.0,0.0,6.635946555686647
776,btwus,1,762.0,0.0,6.635946555686647
777,live,5,1875.5,1.6094379124341003,7.536630569521942
778,semisomnambulistic,1,762.0,0.0,6.635946555686647
779,days,2,1640.0,0.6931471805599453,7.402451520818244
780,fly,2,1640.0,0.6931471805599453,7.402451520818244
781,exceptions,1,762.0,0.0,6.635946555686647
782,childhood,1,762.0,0.0,6.635946555686647
783,RGHeaded,1,762.0,0.0,6.635946555686647
784,ahem,1,762.0,0.0,6.635946555686647
785,volcano,1,762.0,0.0,6.635946555686647
786,caldera,1,762.0,0.0,6.635946555686647
787,Since,1,762.0,0.0,6.635946555686647
788,finish,1,762.0,0.0,6.635946555686647
789,PhD,1,762.0,0.0,6.635946555686647
790,Mr,1,762.0,0.0,6.635946555686647
791,Evilthink,1,762.0,0.0,6.635946555686647
792,less,1,762.0,0.0,6.635946555686647
793,20,1,762.0,0.0,6.635946555686647
794,12,2,1640.0,0.6931471805599453,7.402451520818244
795,OccupyMarsGoing,1,762.0,0.0,6.635946555686647
796,Elon,1,762.0,0.0,6.635946555686647
797,friendPleaseRamp,1,762.0,0.0,6.635946555686647
798,production,2,1640.0,0.6931471805599453,7.402451520818244
799,use,2,1640.0,0.6931471805599453,7.402451520818244
800,gasback,1,762.0,0.0,6.635946555686647
801,work,5,1875.5,1.6094379124341003,7.536630569521942
802,Intense,1,762.0,0.0,6.635946555686647
803,months,1,762.0,0.0,6.635946555686647
804,ahead,1,762.0,0.0,6.635946555686647
805,ramp,1,762.0,0.0,6.635946555686647
806,rockets,3,1793.5,1.0986122886681098,7.491924296972337
807,carsMoonbows,1,762.0,0.0,6.635946555686647
808,btw,1,762.0,0.0,6.635946555686647
809,acid,1,762.0,0.0,6.635946555686647
810,sawstanding,1,762.0,0.0,6.635946555686647
811,Maui,1,762.0,0.0,6.635946555686647
812,moon,2,1640.0,0.6931471805599453,7.402451520818244
813,rainbow,1,762.0,0.0,6.635946555686647
814,Incredibly,1,762.0,0.0,6.635946555686647
815,beautiful2008,1,762.0,0.0,6.635946555686647
816,meltdown,1,762.0,0.0,6.635946555686647
817,vacation,1,762.0,0.0,6.635946555686647
818,email,1,762.0,0.0,6.635946555686647
819,strong,1,762.0,0.0,6.635946555686647
820,enough,1,762.0,0.0,6.635946555686647
821,yayScreening,1,762.0,0.0,6.635946555686647
822,Baseball,2,1640.0,0.6931471805599453,7.402451520818244
823,Time,2,1640.0,0.6931471805599453,7.402451520818244
824,Cholera,1,762.0,0.0,6.635946555686647
825,dir,1,762.0,0.0,6.635946555686647
826,prod,1,762.0,0.0,6.635946555686647
827,WME,1,762.0,0.0,6.635946555686647
828,July,1,762.0,0.0,6.635946555686647
829,hostingThanks,1,762.0,0.0,6.635946555686647
830,Dan,1,762.0,0.0,6.635946555686647
831,sportsman,1,762.0,0.0,6.635946555686647
832,donate,1,762.0,0.0,6.635946555686647
833,DWB,1,762.0,0.0,6.635946555686647
834,Id,1,762.0,0.0,6.635946555686647
835,lostGirl,1,762.0,0.0,6.635946555686647
836,Fixed,1,762.0,0.0,6.635946555686647
837,Umlautgreat,1,762.0,0.0,6.635946555686647
838,woman,2,1640.0,0.6931471805599453,7.402451520818244
839,Memoriam,1,762.0,0.0,6.635946555686647
840,Nora,1,762.0,0.0,6.635946555686647
841,Ephron,1,762.0,0.0,6.635946555686647
842,19412012Meant,1,762.0,0.0,6.635946555686647
843,post,1,762.0,0.0,6.635946555686647
844,link,1,762.0,0.0,6.635946555686647
845,MerlinMerlin,1,762.0,0.0,6.635946555686647
846,fired,1,762.0,0.0,6.635946555686647
847,Engine,1,762.0,0.0,6.635946555686647
848,weighs,1,762.0,0.0,6.635946555686647
849,half,1,762.0,0.0,6.635946555686647
850,ton,1,762.0,0.0,6.635946555686647
851,equal,1,762.0,0.0,6.635946555686647
852,several,1,762.0,0.0,6.635946555686647
853,Hoover,1,762.0,0.0,6.635946555686647
854,DamsModel,1,762.0,0.0,6.635946555686647
855,Trenddeliver,1,762.0,0.0,6.635946555686647
856,ten,2,1640.0,0.6931471805599453,7.402451520818244
857,carsDragon,1,762.0,0.0,6.635946555686647
858,pairs,1,762.0,0.0,6.635946555686647
859,mounted,1,762.0,0.0,6.635946555686647
860,Superdraco,3,1793.5,1.0986122886681098,7.491924296972337
861,engines,1,762.0,0.0,6.635946555686647
862,function,1,762.0,0.0,6.635946555686647
863,fourfired,1,762.0,0.0,6.635946555686647
864,escape,2,1640.0,0.6931471805599453,7.402451520818244
865,Needed,1,762.0,0.0,6.635946555686647
866,astronauts,1,762.0,0.0,6.635946555686647
867,DragonWore,1,762.0,0.0,6.635946555686647
868,Marquis,1,762.0,0.0,6.635946555686647
869,de,1,762.0,0.0,6.635946555686647
870,Sade,1,762.0,0.0,6.635946555686647
871,outfit,1,762.0,0.0,6.635946555686647
872,party,1,762.0,0.0,6.635946555686647
873,whod,1,762.0,0.0,6.635946555686647
874,read,2,1640.0,0.6931471805599453,7.402451520818244
875,Shadessufficiently,1,762.0,0.0,6.635946555686647
876,technology,2,1640.0,0.6931471805599453,7.402451520818244
877,indistinguishable,1,762.0,0.0,6.635946555686647
878,magic,2,1640.0,0.6931471805599453,7.402451520818244
879,Arthur,1,762.0,0.0,6.635946555686647
880,C,2,1640.0,0.6931471805599453,7.402451520818244
881,Clarke,2,1640.0,0.6931471805599453,7.402451520818244
882,Thanks,1,762.0,0.0,6.635946555686647
883,quote,2,1640.0,0.6931471805599453,7.402451520818244
884,RIPAustin,1,762.0,0.0,6.635946555686647
885,cameo,1,762.0,0.0,6.635946555686647
886,latest,1,762.0,0.0,6.635946555686647
887,movie,2,1640.0,0.6931471805599453,7.402451520818244
888,Machete,1,762.0,0.0,6.635946555686647
889,Kills,1,762.0,0.0,6.635946555686647
890,Cool,1,762.0,0.0,6.635946555686647
891,studio,2,1640.0,0.6931471805599453,7.402451520818244
892,old,2,1640.0,0.6931471805599453,7.402451520818244
893,airportCharlie,1,762.0,0.0,6.635946555686647
894,Bolden,1,762.0,0.0,6.635946555686647
895,Administrator,1,762.0,0.0,6.635946555686647
896,checks,1,762.0,0.0,6.635946555686647
897,central,2,1640.0,0.6931471805599453,7.402451520818244
898,Texas,3,1793.5,1.0986122886681098,7.491924296972337
899,siteSpacecraft,1,762.0,0.0,6.635946555686647
900,arrives,1,762.0,0.0,6.635946555686647
901,Port,1,762.0,0.0,6.635946555686647
902,Los,1,762.0,0.0,6.635946555686647
903,Angeles,1,762.0,0.0,6.635946555686647
904,transfer,1,762.0,0.0,6.635946555686647
905,facilities,1,762.0,0.0,6.635946555686647
906,TexasDragon,1,762.0,0.0,6.635946555686647
907,floating,1,762.0,0.0,6.635946555686647
908,Pacific,1,762.0,0.0,6.635946555686647
909,near,2,1640.0,0.6931471805599453,7.402451520818244
910,Reentry,1,762.0,0.0,6.635946555686647
911,scorch,1,762.0,0.0,6.635946555686647
912,marks,1,762.0,0.0,6.635946555686647
913,visible,1,762.0,0.0,6.635946555686647
914,heat,1,762.0,0.0,6.635946555686647
915,shieldSplashdown,1,762.0,0.0,6.635946555686647
916,successful,1,762.0,0.0,6.635946555686647
917,Sending,1,762.0,0.0,6.635946555686647
918,fast,1,762.0,0.0,6.635946555686647
919,boat,1,762.0,0.0,6.635946555686647
920,latlong,1,762.0,0.0,6.635946555686647
921,provided,1,762.0,0.0,6.635946555686647
922,P3,1,762.0,0.0,6.635946555686647
923,tracking,3,1793.5,1.0986122886681098,7.491924296972337
924,planes,1,762.0,0.0,6.635946555686647
925,DragonThrusters,1,762.0,0.0,6.635946555686647
926,also,4,1850.5,1.3862943611198906,7.523211151826211
927,fire,1,762.0,0.0,6.635946555686647
928,reentry,1,762.0,0.0,6.635946555686647
929,adjust,2,1640.0,0.6931471805599453,7.402451520818244
930,touchdown,1,762.0,0.0,6.635946555686647
931,version,1,762.0,0.0,6.635946555686647
932,land,1,762.0,0.0,6.635946555686647
933,helicopter,1,762.0,0.0,6.635946555686647
934,precision,1,762.0,0.0,6.635946555686647
935,DragonSpaceship,1,762.0,0.0,6.635946555686647
936,departed,1,762.0,0.0,6.635946555686647
937,Firing,1,762.0,0.0,6.635946555686647
938,deorbit,1,762.0,0.0,6.635946555686647
939,DragonSpace,1,762.0,0.0,6.635946555686647
940,spaceship,6,1887.5,1.791759469228055,7.54300848112318
941,docking,2,1640.0,0.6931471805599453,7.402451520818244
942,approach,2,1640.0,0.6931471805599453,7.402451520818244
943,DragonDragon,1,762.0,0.0,6.635946555686647
944,captured,1,762.0,0.0,6.635946555686647
945,awesomeDragon,1,762.0,0.0,6.635946555686647
946,flies,1,762.0,0.0,6.635946555686647
947,GrasshopperProject,1,762.0,0.0,6.635946555686647
948,site,1,762.0,0.0,6.635946555686647
949,jump,1,762.0,0.0,6.635946555686647
950,soonhead,1,762.0,0.0,6.635946555686647
951,Russian,2,1640.0,0.6931471805599453,7.402451520818244
952,Agency,1,762.0,0.0,6.635946555686647
953,diplomats,1,762.0,0.0,6.635946555686647
954,visiting,1,762.0,0.0,6.635946555686647
955,today,6,1887.5,1.791759469228055,7.54300848112318
956,Looking,1,762.0,0.0,6.635946555686647
957,forward,1,762.0,0.0,6.635946555686647
958,meeting110,1,762.0,0.0,6.635946555686647
959,away,1,762.0,0.0,6.635946555686647
960,direct,1,762.0,0.0,6.635946555686647
961,communication,1,762.0,0.0,6.635946555686647
962,DragonPresident,1,762.0,0.0,6.635946555686647
963,called,7,1899.0,1.9459101490553132,7.549082710812286
964,congrats,1,762.0,0.0,6.635946555686647
965,Caller,1,762.0,0.0,6.635946555686647
966,ID,1,762.0,0.0,6.635946555686647
967,blocked,1,762.0,0.0,6.635946555686647
968,thought,2,1640.0,0.6931471805599453,7.402451520818244
969,telemarketerDragon,1,762.0,0.0,6.635946555686647
970,planned,1,762.0,0.0,6.635946555686647
971,1247,1,762.0,0.0,6.635946555686647
972,systems,2,1640.0,0.6931471805599453,7.402451520818244
973,green,1,762.0,0.0,6.635946555686647
974,dragonlaunchLaunch,1,762.0,0.0,6.635946555686647
975,Cape,3,1793.5,1.0986122886681098,7.491924296972337
976,Canaveral,1,762.0,0.0,6.635946555686647
977,cameras,1,762.0,0.0,6.635946555686647
978,dragonlaunchNavigation,1,762.0,0.0,6.635946555686647
979,bay,2,1640.0,0.6931471805599453,7.402451520818244
980,pointing,1,762.0,0.0,6.635946555686647
981,deep,2,1640.0,0.6931471805599453,7.402451520818244
982,star,2,1640.0,0.6931471805599453,7.402451520818244
983,map,1,762.0,0.0,6.635946555686647
984,generated,1,762.0,0.0,6.635946555686647
985,tracker,1,762.0,0.0,6.635946555686647
986,DragonLaunchDragon,1,762.0,0.0,6.635946555686647
987,opens,1,762.0,0.0,6.635946555686647
988,navigation,1,762.0,0.0,6.635946555686647
989,pod,1,762.0,0.0,6.635946555686647
990,door,1,762.0,0.0,6.635946555686647
991,hesitation,1,762.0,0.0,6.635946555686647
992,nicer,1,762.0,0.0,6.635946555686647
993,HAL9000,1,762.0,0.0,6.635946555686647
994,DragonLaunchAlso,1,762.0,0.0,6.635946555686647
995,thanks,1,762.0,0.0,6.635946555686647
996,Air,1,762.0,0.0,6.635946555686647
997,Force,1,762.0,0.0,6.635946555686647
998,FAA,1,762.0,0.0,6.635946555686647
999,partners,1,762.0,0.0,6.635946555686647
1000,support,3,1793.5,1.0986122886681098,7.491924296972337
1001,missionHuge,1,762.0,0.0,6.635946555686647
1002,appreciation,1,762.0,0.0,6.635946555686647
1003,could,4,1850.5,1.3862943611198906,7.523211151826211
1004,started,1,762.0,0.0,6.635946555686647
1005,let,1,762.0,0.0,6.635946555686647
1006,alone,1,762.0,0.0,6.635946555686647
1007,reached,1,762.0,0.0,6.635946555686647
1008,farFalcon,1,762.0,0.0,6.635946555686647
1009,flew,1,762.0,0.0,6.635946555686647
1010,perfectly,1,762.0,0.0,6.635946555686647
1011,orbit,1,762.0,0.0,6.635946555686647
1012,comm,1,762.0,0.0,6.635946555686647
1013,locked,1,762.0,0.0,6.635946555686647
1014,arrays,1,762.0,0.0,6.635946555686647
1015,active,1,762.0,0.0,6.635946555686647
1016,Feels,1,762.0,0.0,6.635946555686647
1017,weight,2,1640.0,0.6931471805599453,7.402451520818244
1018,came,2,1640.0,0.6931471805599453,7.402451520818244
1019,backminus,1,762.0,0.0,6.635946555686647
1020,60,1,762.0,0.0,6.635946555686647
1021,seconds,1,762.0,0.0,6.635946555686647
1022,Terminal,1,762.0,0.0,6.635946555686647
1023,autosequence,1,762.0,0.0,6.635946555686647
1024,initiated,1,762.0,0.0,6.635946555686647
1025,DragonLaunchminus,1,762.0,0.0,6.635946555686647
1026,minutes,2,1640.0,0.6931471805599453,7.402451520818244
1027,Entering,1,762.0,0.0,6.635946555686647
1028,terminal,1,762.0,0.0,6.635946555686647
1029,count,1,762.0,0.0,6.635946555686647
1030,dragonlaunchMajor,1,762.0,0.0,6.635946555686647
1031,milestone,1,762.0,0.0,6.635946555686647
1032,crash,1,762.0,0.0,6.635946555686647
1033,testing,2,1640.0,0.6931471805599453,7.402451520818244
1034,safety,1,762.0,0.0,6.635946555686647
1035,rating,1,762.0,0.0,6.635946555686647
1036,Cars,1,762.0,0.0,6.635946555686647
1037,built,2,1640.0,0.6931471805599453,7.402451520818244
1038,sale,1,762.0,0.0,6.635946555686647
1039,publicinterview,1,762.0,0.0,6.635946555686647
1040,Spaceflight,1,762.0,0.0,6.635946555686647
1041,questions,1,762.0,0.0,6.635946555686647
1042,may,2,1640.0,0.6931471805599453,7.402451520818244
1043,answeredSimulations,1,762.0,0.0,6.635946555686647
1044,launch,8,1906.0,2.0794415416798357,7.552762084214147
1045,ok,1,762.0,0.0,6.635946555686647
1046,valve,1,762.0,0.0,6.635946555686647
1047,Still,1,762.0,0.0,6.635946555686647
1048,stop,1,762.0,0.0,6.635946555686647
1049,fix,1,762.0,0.0,6.635946555686647
1050,Recalling,1,762.0,0.0,6.635946555686647
1051,optionLaunch,1,762.0,0.0,6.635946555686647
1052,aborted,2,1640.0,0.6931471805599453,7.402451520818244
1053,slightly,1,762.0,0.0,6.635946555686647
1054,combustion,1,762.0,0.0,6.635946555686647
1055,chamber,1,762.0,0.0,6.635946555686647
1056,pressure,1,762.0,0.0,6.635946555686647
1057,limits,1,762.0,0.0,6.635946555686647
1058,countdown,1,762.0,0.0,6.635946555686647
1059,daysWhatever,1,762.0,0.0,6.635946555686647
1060,happens,1,762.0,0.0,6.635946555686647
1061,done,3,1793.5,1.0986122886681098,7.491924296972337
1062,errors,1,762.0,0.0,6.635946555686647
1063,aloneMust,1,762.0,0.0,6.635946555686647
1064,remember,1,762.0,0.0,6.635946555686647
1065,refer,1,762.0,0.0,6.635946555686647
1066,Chimpanzees,1,762.0,0.0,6.635946555686647
1067,deadly,1,762.0,0.0,6.635946555686647
1068,killing,1,762.0,0.0,6.635946555686647
1069,machines,1,762.0,0.0,6.635946555686647
1070,taking,1,762.0,0.0,6.635946555686647
1071,moviecritical,1,762.0,0.0,6.635946555686647
1072,breakthrough,1,762.0,0.0,6.635946555686647
1073,multiplanetaryMaking,1,762.0,0.0,6.635946555686647
1074,large,1,762.0,0.0,6.635946555686647
1075,propulsion,2,1640.0,0.6931471805599453,7.402451520818244
1076,well,2,1640.0,0.6931471805599453,7.402451520818244
1077,critical,1,762.0,0.0,6.635946555686647
1078,step,1,762.0,0.0,6.635946555686647
1079,towards,1,762.0,0.0,6.635946555686647
1080,fully,4,1850.5,1.3862943611198906,7.523211151826211
1081,reusable,2,1640.0,0.6931471805599453,7.402451520818244
1082,systemLanding,1,762.0,0.0,6.635946555686647
1083,gear,1,762.0,0.0,6.635946555686647
1084,mega,1,762.0,0.0,6.635946555686647
1085,propulsive,1,762.0,0.0,6.635946555686647
1086,next,2,1640.0,0.6931471805599453,7.402451520818244
1087,gen,2,1640.0,0.6931471805599453,7.402451520818244
1088,First,1,762.0,0.0,6.635946555686647
1089,hops,1,762.0,0.0,6.635946555686647
1090,soonMeant,1,762.0,0.0,6.635946555686647
1091,prizes,1,762.0,0.0,6.635946555686647
1092,wo,1,762.0,0.0,6.635946555686647
1093,recharging,1,762.0,0.0,6.635946555686647
1094,nonstop,2,1640.0,0.6931471805599453,7.402451520818244
1095,require,1,762.0,0.0,6.635946555686647
1096,diapersModel,1,762.0,0.0,6.635946555686647
1097,exceeds,1,762.0,0.0,6.635946555686647
1098,300,2,1640.0,0.6931471805599453,7.402451520818244
1099,mile,2,1640.0,0.6931471805599453,7.402451520818244
1100,range,1,762.0,0.0,6.635946555686647
1101,Prize,1,762.0,0.0,6.635946555686647
1102,LASF,1,762.0,0.0,6.635946555686647
1103,milesSaw,1,762.0,0.0,6.635946555686647
1104,Dictator,1,762.0,0.0,6.635946555686647
1105,yesterday,2,1640.0,0.6931471805599453,7.402451520818244
1106,Reminded,1,762.0,0.0,6.635946555686647
1107,Putins,1,762.0,0.0,6.635946555686647
1108,reelection,1,762.0,0.0,6.635946555686647
1109,Seems,1,762.0,0.0,6.635946555686647
1110,since,2,1640.0,0.6931471805599453,7.402451520818244
1111,powerDragon,1,762.0,0.0,6.635946555686647
1112,code,3,1793.5,1.0986122886681098,7.491924296972337
1113,written,1,762.0,0.0,6.635946555686647
1114,LinuxAlmost,1,762.0,0.0,6.635946555686647
1115,reviewing,1,762.0,0.0,6.635946555686647
1116,Looks,1,762.0,0.0,6.635946555686647
1117,Target,1,762.0,0.0,6.635946555686647
1118,date,2,1640.0,0.6931471805599453,7.402451520818244
1119,May,3,1793.5,1.0986122886681098,7.491924296972337
1120,19,1,762.0,0.0,6.635946555686647
1121,right,4,1850.5,1.3862943611198906,7.523211151826211
1122,Soyuz,1,762.0,0.0,6.635946555686647
1123,dockshumanity,1,762.0,0.0,6.635946555686647
1124,inspiring,1,762.0,0.0,6.635946555686647
1125,confined,1,762.0,0.0,6.635946555686647
1126,forever,1,762.0,0.0,6.635946555686647
1127,APSpaceChatDefinitely,1,762.0,0.0,6.635946555686647
1128,Long,1,762.0,0.0,6.635946555686647
1129,making,1,762.0,0.0,6.635946555686647
1130,multiplanetary,1,762.0,0.0,6.635946555686647
1131,OccupyMars,1,762.0,0.0,6.635946555686647
1132,APSpaceChatIgnition,1,762.0,0.0,6.635946555686647
1133,John,1,762.0,0.0,6.635946555686647
1134,Huzel,1,762.0,0.0,6.635946555686647
1135,Wang,1,762.0,0.0,6.635946555686647
1136,book,4,1850.5,1.3862943611198906,7.523211151826211
1137,Asimovs,1,762.0,0.0,6.635946555686647
1138,Heinleins,1,762.0,0.0,6.635946555686647
1139,MiaHM,1,762.0,0.0,6.635946555686647
1140,APSpaceChatWoohoo,1,762.0,0.0,6.635946555686647
1141,hold,2,1640.0,0.6931471805599453,7.402451520818244
1142,completed,3,1793.5,1.0986122886681098,7.491924296972337
1143,goodminus,1,762.0,0.0,6.635946555686647
1144,five,1,762.0,0.0,6.635946555686647
1145,flameFlight,1,762.0,0.0,6.635946555686647
1146,computer,1,762.0,0.0,6.635946555686647
1147,Anomaly,1,762.0,0.0,6.635946555686647
1148,addressed,1,762.0,0.0,6.635946555686647
1149,Cycling,1,762.0,0.0,6.635946555686647
1150,countdownexcited,1,762.0,0.0,6.635946555686647
1151,announce,1,762.0,0.0,6.635946555686647
1152,SolarCity,1,762.0,0.0,6.635946555686647
1153,filed,1,762.0,0.0,6.635946555686647
1154,IPO,1,762.0,0.0,6.635946555686647
1155,Mission,1,762.0,0.0,6.635946555686647
1156,bring,2,1640.0,0.6931471805599453,7.402451520818244
1157,affordable,1,762.0,0.0,6.635946555686647
1158,peopleconfirmed,1,762.0,0.0,6.635946555686647
1159,7th,1,762.0,0.0,6.635946555686647
1160,Stationpushing,1,762.0,0.0,6.635946555686647
1161,approx,1,762.0,0.0,6.635946555686647
1162,New,4,1850.5,1.3862943611198906,7.523211151826211
1163,pending,1,762.0,0.0,6.635946555686647
1164,coordinationcompleted,1,762.0,0.0,6.635946555686647
1165,rollout,1,762.0,0.0,6.635946555686647
1166,HQ,1,762.0,0.0,6.635946555686647
1167,Almost,1,762.0,0.0,6.635946555686647
1168,Pucker,1,762.0,0.0,6.635946555686647
1169,factor,1,762.0,0.0,6.635946555686647
1170,increasingNYC,1,762.0,0.0,6.635946555686647
1171,premiere,1,762.0,0.0,6.635946555686647
1172,Great,2,1640.0,0.6931471805599453,7.402451520818244
1173,workfeel,1,762.0,0.0,6.635946555686647
1174,compelled,1,762.0,0.0,6.635946555686647
1175,obvious,1,762.0,0.0,6.635946555686647
1176,Coachella,1,762.0,0.0,6.635946555686647
1177,excellentBasic,1,762.0,0.0,6.635946555686647
1178,try,2,1640.0,0.6931471805599453,7.402451520818244
1179,address,1,762.0,0.0,6.635946555686647
1180,worlds,2,1640.0,0.6931471805599453,7.402451520818244
1181,problems,1,762.0,0.0,6.635946555686647
1182,create,1,762.0,0.0,6.635946555686647
1183,aristocracy,1,762.0,0.0,6.635946555686647
1184,wealthsigned,1,762.0,0.0,6.635946555686647
1185,Giving,2,1640.0,0.6931471805599453,7.402451520818244
1186,Pledge,1,762.0,0.0,6.635946555686647
1187,11,2,1640.0,0.6931471805599453,7.402451520818244
1188,hope,1,762.0,0.0,6.635946555686647
1189,announcement,1,762.0,0.0,6.635946555686647
1190,convinces,1,762.0,0.0,6.635946555686647
1191,othersholding,1,762.0,0.0,6.635946555686647
1192,new,5,1875.5,1.6094379124341003,7.536630569521942
1193,white,1,762.0,0.0,6.635946555686647
1194,strange,1,762.0,0.0,6.635946555686647
1195,desire,1,762.0,0.0,6.635946555686647
1196,Bobs,1,762.0,0.0,6.635946555686647
1197,Big,1,762.0,0.0,6.635946555686647
1198,Boy,1,762.0,0.0,6.635946555686647
1199,sharks,1,762.0,0.0,6.635946555686647
1200,lasersGreat,1,762.0,0.0,6.635946555686647
1201,APJ,2,1640.0,0.6931471805599453,7.402451520818244
1202,foundation,2,1640.0,0.6931471805599453,7.402451520818244
1203,nearly,1,762.0,0.0,6.635946555686647
1204,schoolGreat,1,762.0,0.0,6.635946555686647
1205,meet,1,762.0,0.0,6.635946555686647
1206,Jon,1,762.0,0.0,6.635946555686647
1207,Stewart,1,762.0,0.0,6.635946555686647
1208,eve,1,762.0,0.0,6.635946555686647
1209,fan,1,762.0,0.0,6.635946555686647
1210,billion,1,762.0,0.0,6.635946555686647
1211,yearsFriend,1,762.0,0.0,6.635946555686647
1212,told,1,762.0,0.0,6.635946555686647
1213,amazing,1,762.0,0.0,6.635946555686647
1214,Brazilian,1,762.0,0.0,6.635946555686647
1215,plastic,1,762.0,0.0,6.635946555686647
1216,surgeon,1,762.0,0.0,6.635946555686647
1217,Evil,1,762.0,0.0,6.635946555686647
1218,Picante,1,762.0,0.0,6.635946555686647
1219,Ivo,1,762.0,0.0,6.635946555686647
1220,PitanguyBesides,1,762.0,0.0,6.635946555686647
1221,ensuring,1,762.0,0.0,6.635946555686647
1222,continuance,1,762.0,0.0,6.635946555686647
1223,base,1,762.0,0.0,6.635946555686647
1224,everInterview,1,762.0,0.0,6.635946555686647
1225,Nature,1,762.0,0.0,6.635946555686647
1226,describing,1,762.0,0.0,6.635946555686647
1227,extend,1,762.0,0.0,6.635946555686647
1228,MarsWow,1,762.0,0.0,6.635946555686647
1229,Europe,2,1640.0,0.6931471805599453,7.402451520818244
1230,passed,3,1793.5,1.0986122886681098,7.491924296972337
1231,200000,1,762.0,0.0,6.635946555686647
1232,km,1,762.0,0.0,6.635946555686647
1233,racing,1,762.0,0.0,6.635946555686647
1234,RoadsterJudge,1,762.0,0.0,6.635946555686647
1235,dismisses,1,762.0,0.0,6.635946555686647
1236,lawsuit,1,762.0,0.0,6.635946555686647
1237,happy,2,1640.0,0.6931471805599453,7.402451520818244
1238,Happy,1,762.0,0.0,6.635946555686647
1239,MealHuge,1,762.0,0.0,6.635946555686647
1240,tornadoes,1,762.0,0.0,6.635946555686647
1241,tossing,1,762.0,0.0,6.635946555686647
1242,truck,1,762.0,0.0,6.635946555686647
1243,trailers,1,762.0,0.0,6.635946555686647
1244,Hope,1,762.0,0.0,6.635946555686647
1245,okAlso,1,762.0,0.0,6.635946555686647
1246,dig,1,762.0,0.0,6.635946555686647
1247,Mass,1,762.0,0.0,6.635946555686647
1248,Effect,1,762.0,0.0,6.635946555686647
1249,games,1,762.0,0.0,6.635946555686647
1250,AI,2,1640.0,0.6931471805599453,7.402451520818244
1251,decides,1,762.0,0.0,6.635946555686647
1252,suck,1,762.0,0.0,6.635946555686647
1253,Maybe,1,762.0,0.0,6.635946555686647
1254,limbic,1,762.0,0.0,6.635946555686647
1255,systemBioshock,1,762.0,0.0,6.635946555686647
1256,Ayn,1,762.0,0.0,6.635946555686647
1257,Rand,1,762.0,0.0,6.635946555686647
1258,dystopia,1,762.0,0.0,6.635946555686647
1259,Fallout,1,762.0,0.0,6.635946555686647
1260,Hegelian,1,762.0,0.0,6.635946555686647
1261,dialectic,1,762.0,0.0,6.635946555686647
1262,Games,1,762.0,0.0,6.635946555686647
1263,come,2,1640.0,0.6931471805599453,7.402451520818244
1264,PongUN,1,762.0,0.0,6.635946555686647
1265,responsibility,1,762.0,0.0,6.635946555686647
1266,help,4,1850.5,1.3862943611198906,7.523211151826211
1267,Haiti,3,1793.5,1.0986122886681098,7.491924296972337
1268,Front,1,762.0,0.0,6.635946555686647
1269,page,1,762.0,0.0,6.635946555686647
1270,NYTimesdinner,1,762.0,0.0,6.635946555686647
1271,dude,1,762.0,0.0,6.635946555686647
1272,hanging,1,762.0,0.0,6.635946555686647
1273,underwear,1,762.0,0.0,6.635946555686647
1274,cherry,1,762.0,0.0,6.635946555686647
1275,pickerHappy,1,762.0,0.0,6.635946555686647
1276,bday,1,762.0,0.0,6.635946555686647
1277,dear,1,762.0,0.0,6.635946555686647
1278,friend,2,1640.0,0.6931471805599453,7.402451520818244
1279,U,1,762.0,0.0,6.635946555686647
1280,parties,1,762.0,0.0,6.635946555686647
1281,rockstar,1,762.0,0.0,6.635946555686647
1282,BerlinModel,1,762.0,0.0,6.635946555686647
1283,beta,1,762.0,0.0,6.635946555686647
1284,endurance,1,762.0,0.0,6.635946555686647
1285,150000,1,762.0,0.0,6.635946555686647
1286,battery,1,762.0,0.0,6.635946555686647
1287,packInteresting,1,762.0,0.0,6.635946555686647
1288,interview,1,762.0,0.0,6.635946555686647
1289,Vinge,1,762.0,0.0,6.635946555686647
1290,superhuman,1,762.0,0.0,6.635946555686647
1291,optimistic,1,762.0,0.0,6.635946555686647
1292,apocalypsesSupport,1,762.0,0.0,6.635946555686647
1293,save,1,762.0,0.0,6.635946555686647
1294,satellite,1,762.0,0.0,6.635946555686647
1295,becoming,1,762.0,0.0,6.635946555686647
1296,junk,1,762.0,0.0,6.635946555686647
1297,Let,1,762.0,0.0,6.635946555686647
1298,antarcticaLovely,1,762.0,0.0,6.635946555686647
1299,poster,1,762.0,0.0,6.635946555686647
1300,explains,1,762.0,0.0,6.635946555686647
1301,reasons,2,1640.0,0.6931471805599453,7.402451520818244
1302,multiplanetary10,1,762.0,0.0,6.635946555686647
1303,founded,1,762.0,0.0,6.635946555686647
1304,Many,1,762.0,0.0,6.635946555686647
1305,battles,1,762.0,0.0,6.635946555686647
1306,fought,1,762.0,0.0,6.635946555686647
1307,Physics,1,762.0,0.0,6.635946555686647
1308,alwaysIm,1,762.0,0.0,6.635946555686647
1309,leaving,1,762.0,0.0,6.635946555686647
1310,Empire,1,762.0,0.0,6.635946555686647
1311,Darth,1,762.0,0.0,6.635946555686647
1312,Vadersomething,1,762.0,0.0,6.635946555686647
1313,physically,1,762.0,0.0,6.635946555686647
1314,someone,2,1640.0,0.6931471805599453,7.402451520818244
1315,award,1,762.0,0.0,6.635946555686647
1316,showMountain,1,762.0,0.0,6.635946555686647
1317,lions,1,762.0,0.0,6.635946555686647
1318,eat,2,1640.0,0.6931471805599453,7.402451520818244
1319,cats,2,1640.0,0.6931471805599453,7.402451520818244
1320,means,1,762.0,0.0,6.635946555686647
1321,apology,1,762.0,0.0,6.635946555686647
1322,dogkindthink,1,762.0,0.0,6.635946555686647
1323,feed,1,762.0,0.0,6.635946555686647
1324,delicious,1,762.0,0.0,6.635946555686647
1325,candy,1,762.0,0.0,6.635946555686647
1326,ask,1,762.0,0.0,6.635946555686647
1327,nothing,1,762.0,0.0,6.635946555686647
1328,returnpassed,1,762.0,0.0,6.635946555686647
1329,Sugar,1,762.0,0.0,6.635946555686647
1330,Shack,1,762.0,0.0,6.635946555686647
1331,Louisiana,1,762.0,0.0,6.635946555686647
1332,swamp,1,762.0,0.0,6.635946555686647
1333,wonder,1,762.0,0.0,6.635946555686647
1334,happensPresident,1,762.0,0.0,6.635946555686647
1335,Serbia,1,762.0,0.0,6.635946555686647
1336,booth,1,762.0,0.0,6.635946555686647
1337,Geneva,1,762.0,0.0,6.635946555686647
1338,Show,1,762.0,0.0,6.635946555686647
1339,talked,1,762.0,0.0,6.635946555686647
1340,Nikola,1,762.0,0.0,6.635946555686647
1341,TeslaDawn,1,762.0,0.0,6.635946555686647
1342,CanaveralStudied,1,762.0,0.0,6.635946555686647
1343,physics,1,762.0,0.0,6.635946555686647
1344,college,1,762.0,0.0,6.635946555686647
1345,lot,4,1850.5,1.3862943611198906,7.523211151826211
1346,books,1,762.0,0.0,6.635946555686647
1347,taught,1,762.0,0.0,6.635946555686647
1348,leading,1,762.0,0.0,6.635946555686647
1349,domain,1,762.0,0.0,6.635946555686647
1350,experts,1,762.0,0.0,6.635946555686647
1351,SpaceXFalcon,1,762.0,0.0,6.635946555686647
1352,vertical,1,762.0,0.0,6.635946555686647
1353,pad,1,762.0,0.0,6.635946555686647
1354,surrounded,1,762.0,0.0,6.635946555686647
1355,lightning,1,762.0,0.0,6.635946555686647
1356,towersYes,1,762.0,0.0,6.635946555686647
1357,goes,1,762.0,0.0,6.635946555686647
1358,commercial,1,762.0,0.0,6.635946555686647
1359,dock,1,762.0,0.0,6.635946555686647
1360,zero,1,762.0,0.0,6.635946555686647
1361,end,1,762.0,0.0,6.635946555686647
1362,AprilDragon,1,762.0,0.0,6.635946555686647
1363,final,1,762.0,0.0,6.635946555686647
1364,assembly,1,762.0,0.0,6.635946555686647
1365,CanaveralSupporting,1,762.0,0.0,6.635946555686647
1366,PlutoStamp,1,762.0,0.0,6.635946555686647
1367,Horizons,1,762.0,0.0,6.635946555686647
1368,missionlaunched,1,762.0,0.0,6.635946555686647
1369,northern,1,762.0,0.0,6.635946555686647
1370,lightsIrans,1,762.0,0.0,6.635946555686647
1371,nuclear,1,762.0,0.0,6.635946555686647
1372,weapons,4,1850.5,1.3862943611198906,7.523211151826211
1373,facility,1,762.0,0.0,6.635946555686647
1374,apparently,1,762.0,0.0,6.635946555686647
1375,Frodo,1,762.0,0.0,6.635946555686647
1376,Watch,1,762.0,0.0,6.635946555686647
1377,Gollum,1,762.0,0.0,6.635946555686647
1378,preciousImportant,1,762.0,0.0,6.635946555686647
1379,highlighted,1,762.0,0.0,6.635946555686647
1380,produces,1,762.0,0.0,6.635946555686647
1381,14,1,762.0,0.0,6.635946555686647
1382,CO2,1,762.0,0.0,6.635946555686647
1383,gasolineModel,1,762.0,0.0,6.635946555686647
1384,X,10,1914.0,2.302585092994046,7.5569505720129
1385,Jim,1,762.0,0.0,6.635946555686647
1386,Motavalli,1,762.0,0.0,6.635946555686647
1387,likes,1,762.0,0.0,6.635946555686647
1388,carSamovar,1,762.0,0.0,6.635946555686647
1389,tea,1,762.0,0.0,6.635946555686647
1390,picked,1,762.0,0.0,6.635946555686647
1391,iron,1,762.0,0.0,6.635946555686647
1392,goddess,1,762.0,0.0,6.635946555686647
1393,mercy,1,762.0,0.0,6.635946555686647
1394,monkeys,1,762.0,0.0,6.635946555686647
1395,sure,2,1640.0,0.6931471805599453,7.402451520818244
1396,teasearch,1,762.0,0.0,6.635946555686647
1397,purple,2,1640.0,0.6931471805599453,7.402451520818244
1398,squirrels,1,762.0,0.0,6.635946555686647
1399,attention,1,762.0,0.0,6.635946555686647
1400,makes,3,1793.5,1.0986122886681098,7.491924296972337
1401,want,3,1793.5,1.0986122886681098,7.491924296972337
1402,purpleTesla,1,762.0,0.0,6.635946555686647
1403,3rd,1,762.0,0.0,6.635946555686647
1404,searched,1,762.0,0.0,6.635946555686647
1405,squirrel,1,762.0,0.0,6.635946555686647
1406,Damn,1,762.0,0.0,6.635946555686647
1407,squirrelTesla,1,762.0,0.0,6.635946555686647
1408,videoDont,1,762.0,0.0,6.635946555686647
1409,weve,2,1640.0,0.6931471805599453,7.402451520818244
1410,cool,1,762.0,0.0,6.635946555686647
1411,solution,1,762.0,0.0,6.635946555686647
1412,ski,1,762.0,0.0,6.635946555686647
1413,storage,1,762.0,0.0,6.635946555686647
1414,wing,1,762.0,0.0,6.635946555686647
1415,doorsBtw,1,762.0,0.0,6.635946555686647
1416,Foster,1,762.0,0.0,6.635946555686647
1417,People,1,762.0,0.0,6.635946555686647
1418,playing,1,762.0,0.0,6.635946555686647
1419,tonight,1,762.0,0.0,6.635946555686647
1420,Seemed,2,1640.0,0.6931471805599453,7.402451520818244
1421,vibeModel,1,762.0,0.0,6.635946555686647
1422,showing,2,1640.0,0.6931471805599453,7.402451520818244
1423,bit,3,1793.5,1.0986122886681098,7.491924296972337
1424,Unveiling,1,762.0,0.0,6.635946555686647
1425,tonightCool,1,762.0,0.0,6.635946555686647
1426,pic,1,762.0,0.0,6.635946555686647
1427,powerful,2,1640.0,0.6931471805599453,7.402451520818244
1428,type,1,762.0,0.0,6.635946555686647
1429,flare,1,762.0,0.0,6.635946555686647
1430,Xclass,1,762.0,0.0,6.635946555686647
1431,makingRussia,1,762.0,0.0,6.635946555686647
1432,China,1,762.0,0.0,6.635946555686647
1433,blocking,1,762.0,0.0,6.635946555686647
1434,UN,1,762.0,0.0,6.635946555686647
1435,action,1,762.0,0.0,6.635946555686647
1436,Cant,2,1640.0,0.6931471805599453,7.402451520818244
1437,imagine,1,762.0,0.0,6.635946555686647
1438,wouldnt,1,762.0,0.0,6.635946555686647
1439,democratic,1,762.0,0.0,6.635946555686647
1440,uprisingWish,1,762.0,0.0,6.635946555686647
1441,SyriaYes,1,762.0,0.0,6.635946555686647
1442,unveil,1,762.0,0.0,6.635946555686647
1443,functional,1,762.0,0.0,6.635946555686647
1444,prototype,1,762.0,0.0,6.635946555686647
1445,almost,1,762.0,0.0,6.635946555686647
1446,identical,1,762.0,0.0,6.635946555686647
1447,productionsheer,1,762.0,0.0,6.635946555686647
1448,Heavy,1,762.0,0.0,6.635946555686647
1449,mindblowing,1,762.0,0.0,6.635946555686647
1450,literally,1,762.0,0.0,6.635946555686647
1451,send,1,762.0,0.0,6.635946555686647
1452,loaded,1,762.0,0.0,6.635946555686647
1453,bus,1,762.0,0.0,6.635946555686647
1454,moonLondon,1,762.0,0.0,6.635946555686647
1455,Times,1,762.0,0.0,6.635946555686647
1456,created,2,1640.0,0.6931471805599453,7.402451520818244
1457,chart,1,762.0,0.0,6.635946555686647
1458,compares,1,762.0,0.0,6.635946555686647
1459,Saturn,1,762.0,0.0,6.635946555686647
1460,V,1,762.0,0.0,6.635946555686647
1461,Shuttleposted,1,762.0,0.0,6.635946555686647
1462,photoYeah,1,762.0,0.0,6.635946555686647
1463,stream,1,762.0,0.0,6.635946555686647
1464,whole,1,762.0,0.0,6.635946555686647
1465,realtime,1,762.0,0.0,6.635946555686647
1466,buffer,1,762.0,0.0,6.635946555686647
1467,seeDocking,1,762.0,0.0,6.635946555686647
1468,happen,2,1640.0,0.6931471805599453,7.402451520818244
1469,April,1,762.0,0.0,6.635946555686647
1470,Hopefully,1,762.0,0.0,6.635946555686647
1471,look,2,1640.0,0.6931471805599453,7.402451520818244
1472,likeinteresting,1,762.0,0.0,6.635946555686647
1473,doors,1,762.0,0.0,6.635946555686647
1474,opentestfired,1,762.0,0.0,6.635946555686647
1475,Enables,1,762.0,0.0,6.635946555686647
1476,SpaceXcomUm,1,762.0,0.0,6.635946555686647
1477,theme,2,1640.0,0.6931471805599453,7.402451520818244
1478,song,2,1640.0,0.6931471805599453,7.402451520818244
1479,seems,1,762.0,0.0,6.635946555686647
1480,irony,1,762.0,0.0,6.635946555686647
1481,sometimes,1,762.0,0.0,6.635946555686647
1482,tweetSpaceX,1,762.0,0.0,6.635946555686647
1483,Total,1,762.0,0.0,6.635946555686647
1484,Ghost,1,762.0,0.0,6.635946555686647
1485,ooh,2,1640.0,0.6931471805599453,7.402451520818244
1486,oohlady,1,762.0,0.0,6.635946555686647
1487,doth,1,762.0,0.0,6.635946555686647
1488,protest,1,762.0,0.0,6.635946555686647
1489,littleModel,1,762.0,0.0,6.635946555686647
1490,webcast,1,762.0,0.0,6.635946555686647
1491,8pm,1,762.0,0.0,6.635946555686647
1492,Feb,1,762.0,0.0,6.635946555686647
1493,9th,2,1640.0,0.6931471805599453,7.402451520818244
1494,pretty,1,762.0,0.0,6.635946555686647
1495,blahBeautiful,1,762.0,0.0,6.635946555686647
1496,satelliteRough,1,762.0,0.0,6.635946555686647
1497,cut,1,762.0,0.0,6.635946555686647
1498,simulation,1,762.0,0.0,6.635946555686647
1499,designDesign,1,762.0,0.0,6.635946555686647
1500,bringing,1,762.0,0.0,6.635946555686647
1501,launchpad,1,762.0,0.0,6.635946555686647
1502,Wings,1,762.0,0.0,6.635946555686647
1503,r,2,1640.0,0.6931471805599453,7.402451520818244
1504,spaceStrongest,1,762.0,0.0,6.635946555686647
1505,radiation,1,762.0,0.0,6.635946555686647
1506,storm,1,762.0,0.0,6.635946555686647
1507,7,1,762.0,0.0,6.635946555686647
1508,blasting,1,762.0,0.0,6.635946555686647
1509,huge,2,1640.0,0.6931471805599453,7.402451520818244
1510,eruption,1,762.0,0.0,6.635946555686647
1511,hits,1,762.0,0.0,6.635946555686647
1512,tomorrowBought,1,762.0,0.0,6.635946555686647
1513,wood,1,762.0,0.0,6.635946555686647
1514,treehouse,1,762.0,0.0,6.635946555686647
1515,boys,1,762.0,0.0,6.635946555686647
1516,beautiful,1,762.0,0.0,6.635946555686647
1517,ways,1,762.0,0.0,6.635946555686647
1518,spend,1,762.0,0.0,6.635946555686647
1519,afternoonheard,1,762.0,0.0,6.635946555686647
1520,Lars,1,762.0,0.0,6.635946555686647
1521,von,1,762.0,0.0,6.635946555686647
1522,Trier,1,762.0,0.0,6.635946555686647
1523,optioned,1,762.0,0.0,6.635946555686647
1524,rightssaid,1,762.0,0.0,6.635946555686647
1525,cause,1,762.0,0.0,6.635946555686647
1526,grief,1,762.0,0.0,6.635946555686647
1527,defend,1,762.0,0.0,6.635946555686647
1528,shorts,1,762.0,0.0,6.635946555686647
1529,exist,1,762.0,0.0,6.635946555686647
1530,often,1,762.0,0.0,6.635946555686647
1531,unreasonably,1,762.0,0.0,6.635946555686647
1532,malignedThats,1,762.0,0.0,6.635946555686647
1533,paranoia,1,762.0,0.0,6.635946555686647
1534,healthy,1,762.0,0.0,6.635946555686647
1535,trait,1,762.0,0.0,6.635946555686647
1536,times,1,762.0,0.0,6.635946555686647
1537,massive,1,762.0,0.0,6.635946555686647
1538,attack,1,762.0,0.0,6.635946555686647
1539,sellerscommunicate,1,762.0,0.0,6.635946555686647
1540,fail,1,762.0,0.0,6.635946555686647
1541,willing,1,762.0,0.0,6.635946555686647
1542,twist,1,762.0,0.0,6.635946555686647
1543,news,2,1640.0,0.6931471805599453,7.402451520818244
1544,TeslaTSLA,1,762.0,0.0,6.635946555686647
1545,500M,2,1640.0,0.6931471805599453,7.402451520818244
1546,Friday,1,762.0,0.0,6.635946555686647
1547,Sorry,1,762.0,0.0,6.635946555686647
1548,roller,1,762.0,0.0,6.635946555686647
1549,coasterSomebody,1,762.0,0.0,6.635946555686647
1550,needs,1,762.0,0.0,6.635946555686647
1551,tell,1,762.0,0.0,6.635946555686647
1552,Kim,2,1640.0,0.6931471805599453,7.402451520818244
1553,Jongun,1,762.0,0.0,6.635946555686647
1554,showbiz,1,762.0,0.0,6.635946555686647
1555,phrase,1,762.0,0.0,6.635946555686647
1556,doesnt,3,1793.5,1.0986122886681098,7.491924296972337
1557,mean,2,1640.0,0.6931471805599453,7.402451520818244
1558,thinksfeeling,1,762.0,0.0,6.635946555686647
1559,North,1,762.0,0.0,6.635946555686647
1560,Korea,1,762.0,0.0,6.635946555686647
1561,Punishes,1,762.0,0.0,6.635946555686647
1562,Insincere,1,762.0,0.0,6.635946555686647
1563,MournersTesla,1,762.0,0.0,6.635946555686647
1564,Roadster,1,762.0,0.0,6.635946555686647
1565,100000,1,762.0,0.0,6.635946555686647
1566,mark,1,762.0,0.0,6.635946555686647
1567,200,1,762.0,0.0,6.635946555686647
1568,rangemagical,1,762.0,0.0,6.635946555686647
1569,cowboys,1,762.0,0.0,6.635946555686647
1570,herding,1,762.0,0.0,6.635946555686647
1571,Livin,1,762.0,0.0,6.635946555686647
1572,dreamKids,1,762.0,0.0,6.635946555686647
1573,grown,1,762.0,0.0,6.635946555686647
1574,RT,2,1640.0,0.6931471805599453,7.402451520818244
1575,SecondGraders,1,762.0,0.0,6.635946555686647
1576,Wow,1,762.0,0.0,6.635946555686647
1577,Audience,1,762.0,0.0,6.635946555686647
1578,School,1,762.0,0.0,6.635946555686647
1579,EquusModel,1,762.0,0.0,6.635946555686647
1580,Performance,2,1640.0,0.6931471805599453,7.402451520818244
1581,powertrain,1,762.0,0.0,6.635946555686647
1582,produced,1,762.0,0.0,6.635946555686647
1583,broke,1,762.0,0.0,6.635946555686647
1584,dyno,1,762.0,0.0,6.635946555686647
1585,44,1,762.0,0.0,6.635946555686647
1586,problemexec,1,762.0,0.0,6.635946555686647
1587,conf,1,762.0,0.0,6.635946555686647
1588,Denali,1,762.0,0.0,6.635946555686647
1589,decided,1,762.0,0.0,6.635946555686647
1590,letters,1,762.0,0.0,6.635946555686647
1591,around,2,1640.0,0.6931471805599453,7.402451520818244
1592,aptModel,1,762.0,0.0,6.635946555686647
1593,Signature,1,762.0,0.0,6.635946555686647
1594,sold,1,762.0,0.0,6.635946555686647
1595,todayNext,1,762.0,0.0,6.635946555686647
1596,docks,1,762.0,0.0,6.635946555686647
1597,Major,1,762.0,0.0,6.635946555686647
1598,pucker,1,762.0,0.0,6.635946555686647
1599,factorFeb,1,762.0,0.0,6.635946555686647
1600,premier,1,762.0,0.0,6.635946555686647
1601,reveal,1,762.0,0.0,6.635946555686647
1602,Stay,1,762.0,0.0,6.635946555686647
1603,tuned,1,762.0,0.0,6.635946555686647
1604,detailsfinished,1,762.0,0.0,6.635946555686647
1605,Massies,2,1640.0,0.6931471805599453,7.402451520818244
1606,Catherine,2,1640.0,0.6931471805599453,7.402451520818244
1607,amazingly,1,762.0,0.0,6.635946555686647
1608,expansive,1,762.0,0.0,6.635946555686647
1609,compelling,1,762.0,0.0,6.635946555686647
1610,portrait,1,762.0,0.0,6.635946555686647
1611,incredible,1,762.0,0.0,6.635946555686647
1612,Highly,2,1640.0,0.6931471805599453,7.402451520818244
1613,recommendRespectfully,1,762.0,0.0,6.635946555686647
1614,disagree,1,762.0,0.0,6.635946555686647
1615,moves,1,762.0,0.0,6.635946555686647
1616,laid,1,762.0,0.0,6.635946555686647
1617,G,1,762.0,0.0,6.635946555686647
1618,kick,1,762.0,0.0,6.635946555686647
1619,butt,1,762.0,0.0,6.635946555686647
1620,2012,4,1850.5,1.3862943611198906,7.523211151826211
1621,Hes,1,762.0,0.0,6.635946555686647
1622,studeveryone,1,762.0,0.0,6.635946555686647
1623,thinks,1,762.0,0.0,6.635946555686647
1624,Mayans,1,762.0,0.0,6.635946555686647
1625,predicting,1,762.0,0.0,6.635946555686647
1626,thered,1,762.0,0.0,6.635946555686647
1627,Mayanslighter,1,762.0,0.0,6.635946555686647
1628,note,1,762.0,0.0,6.635946555686647
1629,RHCP,1,762.0,0.0,6.635946555686647
1630,f,3,1793.5,1.0986122886681098,7.491924296972337
1631,Yearsaid,1,762.0,0.0,6.635946555686647
1632,information,2,1640.0,0.6931471805599453,7.402451520818244
1633,mightier,1,762.0,0.0,6.635946555686647
1634,bombcareful,1,762.0,0.0,6.635946555686647
1635,find,1,762.0,0.0,6.635946555686647
1636,knife,1,762.0,0.0,6.635946555686647
1637,libertys,1,762.0,0.0,6.635946555686647
1638,neck,1,762.0,0.0,6.635946555686647
1639,ironybuilt,1,762.0,0.0,6.635946555686647
1640,fight,1,762.0,0.0,6.635946555686647
1641,enemies,2,1640.0,0.6931471805599453,7.402451520818244
1642,liberty,1,762.0,0.0,6.635946555686647
1643,largely,1,762.0,0.0,6.635946555686647
1644,defeated,1,762.0,0.0,6.635946555686647
1645,remainHowever,1,762.0,0.0,6.635946555686647
1646,Chinas,1,762.0,0.0,6.635946555686647
1647,estate,1,762.0,0.0,6.635946555686647
1648,crisis,1,762.0,0.0,6.635946555686647
1649,explode,1,762.0,0.0,6.635946555686647
1650,puny,1,762.0,0.0,6.635946555686647
1651,cant,1,762.0,0.0,6.635946555686647
1652,hide,1,762.0,0.0,6.635946555686647
1653,longerYeah,1,762.0,0.0,6.635946555686647
1654,economy,1,762.0,0.0,6.635946555686647
1655,jobs,1,762.0,0.0,6.635946555686647
1656,mostly,1,762.0,0.0,6.635946555686647
1657,dealt,1,762.0,0.0,6.635946555686647
1658,overbuilt,1,762.0,0.0,6.635946555686647
1659,housing,1,762.0,0.0,6.635946555686647
1660,crisisfirst,1,762.0,0.0,6.635946555686647
1661,prediction,1,762.0,0.0,6.635946555686647
1662,true,2,1640.0,0.6931471805599453,7.402451520818244
1663,ouch,1,762.0,0.0,6.635946555686647
1664,hurtsWorld,1,762.0,0.0,6.635946555686647
1665,violence,2,1640.0,0.6931471805599453,7.402451520818244
1666,low,2,1640.0,0.6931471805599453,7.402451520818244
1667,counterintuitive,1,762.0,0.0,6.635946555686647
1668,Thats,1,762.0,0.0,6.635946555686647
1669,modern,1,762.0,0.0,6.635946555686647
1670,media,1,762.0,0.0,6.635946555686647
1671,misery,1,762.0,0.0,6.635946555686647
1672,microscopeHeres,1,762.0,0.0,6.635946555686647
1673,historical,1,762.0,0.0,6.635946555686647
1674,Excellent,2,1640.0,0.6931471805599453,7.402451520818244
1675,Stephen,1,762.0,0.0,6.635946555686647
1676,PinkerHacked,1,762.0,0.0,6.635946555686647
1677,charge,1,762.0,0.0,6.635946555686647
1678,connector,1,762.0,0.0,6.635946555686647
1679,small,1,762.0,0.0,6.635946555686647
1680,island,1,762.0,0.0,6.635946555686647
1681,rain,1,762.0,0.0,6.635946555686647
1682,whatcouldpossiblygowrongreally,1,762.0,0.0,6.635946555686647
1683,matters,1,762.0,0.0,6.635946555686647
1684,current,1,762.0,0.0,6.635946555686647
1685,tech,1,762.0,0.0,6.635946555686647
1686,including,1,762.0,0.0,6.635946555686647
1687,sucks,1,762.0,0.0,6.635946555686647
1688,becomes,1,762.0,0.0,6.635946555686647
1689,suckSpaceX,1,762.0,0.0,6.635946555686647
1690,Boeing,1,762.0,0.0,6.635946555686647
1691,Lockheed,1,762.0,0.0,6.635946555686647
1692,Russia,1,762.0,0.0,6.635946555686647
1693,ProtonSoyuz,1,762.0,0.0,6.635946555686647
1694,checkmate,1,762.0,0.0,6.635946555686647
1695,End,1,762.0,0.0,6.635946555686647
1696,game,1,762.0,0.0,6.635946555686647
1697,ChinaChina,1,762.0,0.0,6.635946555686647
1698,unveils,1,762.0,0.0,6.635946555686647
1699,ambitious,1,762.0,0.0,6.635946555686647
1700,strategyclear,1,762.0,0.0,6.635946555686647
1701,CtG,1,762.0,0.0,6.635946555686647
1702,absolutely,1,762.0,0.0,6.635946555686647
1703,bang,1,762.0,0.0,6.635946555686647
1704,horse,2,1640.0,0.6931471805599453,7.402451520818244
1705,close,2,1640.0,0.6931471805599453,7.402451520818244
1706,friends,1,762.0,0.0,6.635946555686647
1707,liked,1,762.0,0.0,6.635946555686647
1708,showers,1,762.0,0.0,6.635946555686647
1709,together,1,762.0,0.0,6.635946555686647
1710,spoon,1,762.0,0.0,6.635946555686647
1711,nightRight,1,762.0,0.0,6.635946555686647
1712,mood,1,762.0,0.0,6.635946555686647
1713,scented,1,762.0,0.0,6.635946555686647
1714,candles,1,762.0,0.0,6.635946555686647
1715,Barry,1,762.0,0.0,6.635946555686647
1716,White,1,762.0,0.0,6.635946555686647
1717,singing,1,762.0,0.0,6.635946555686647
1718,Enough,1,762.0,0.0,6.635946555686647
1719,Love,1,762.0,0.0,6.635946555686647
1720,Baby,1,762.0,0.0,6.635946555686647
1721,horsefing,1,762.0,0.0,6.635946555686647
1722,happensIm,1,762.0,0.0,6.635946555686647
1723,u,5,1875.5,1.6094379124341003,7.536630569521942
1724,shouldnt,1,762.0,0.0,6.635946555686647
1725,pass,1,762.0,0.0,6.635946555686647
1726,judgment,1,762.0,0.0,6.635946555686647
1727,based,1,762.0,0.0,6.635946555686647
1728,passion,1,762.0,0.0,6.635946555686647
1729,Sometimes,1,762.0,0.0,6.635946555686647
1730,momentSew,1,762.0,0.0,6.635946555686647
1731,button,1,762.0,0.0,6.635946555686647
1732,tailor,1,762.0,0.0,6.635946555686647
1733,cook,1,762.0,0.0,6.635946555686647
1734,meal,1,762.0,0.0,6.635946555686647
1735,chef,1,762.0,0.0,6.635946555686647
1736,horsefer,1,762.0,0.0,6.635946555686647
1737,historyreading,1,762.0,0.0,6.635946555686647
1738,Robert,1,762.0,0.0,6.635946555686647
1739,Yeah,1,762.0,0.0,6.635946555686647
1740,youre,1,762.0,0.0,6.635946555686647
1741,thinking,1,762.0,0.0,6.635946555686647
1742,horsesaying,1,762.0,0.0,6.635946555686647
1743,necessarily,1,762.0,0.0,6.635946555686647
1744,reality,1,762.0,0.0,6.635946555686647
1745,force,1,762.0,0.0,6.635946555686647
1746,consequences,1,762.0,0.0,6.635946555686647
1747,actionsInteresting,1,762.0,0.0,6.635946555686647
1748,Economist,1,762.0,0.0,6.635946555686647
1749,collective,1,762.0,0.0,6.635946555686647
1750,actions,1,762.0,0.0,6.635946555686647
1751,fundamentally,1,762.0,0.0,6.635946555686647
1752,geological,1,762.0,0.0,6.635946555686647
1753,AnthropoceneCool,1,762.0,0.0,6.635946555686647
1754,personal,1,762.0,0.0,6.635946555686647
1755,essay,1,762.0,0.0,6.635946555686647
1756,resonated,1,762.0,0.0,6.635946555686647
1757,felt,1,762.0,0.0,6.635946555686647
1758,dying,1,762.0,0.0,6.635946555686647
1759,malaria,1,762.0,0.0,6.635946555686647
1760,agoLiked,1,762.0,0.0,6.635946555686647
1761,Screw,1,762.0,0.0,6.635946555686647
1762,Business,1,762.0,0.0,6.635946555686647
1763,Usual,1,762.0,0.0,6.635946555686647
1764,taken,1,762.0,0.0,6.635946555686647
1765,heart,1,762.0,0.0,6.635946555686647
1766,smart,1,762.0,0.0,6.635946555686647
1767,movereturned,1,762.0,0.0,6.635946555686647
1768,recommend,2,1640.0,0.6931471805599453,7.402451520818244
1769,donating,1,762.0,0.0,6.635946555686647
1770,MSF,1,762.0,0.0,6.635946555686647
1771,UNICEF,2,1640.0,0.6931471805599453,7.402451520818244
1772,Artists,2,1640.0,0.6931471805599453,7.402451520818244
1773,Peace,2,1640.0,0.6931471805599453,7.402451520818244
1774,Justicetrueever,1,762.0,0.0,6.635946555686647
1775,wanted,1,762.0,0.0,6.635946555686647
1776,truth,1,762.0,0.0,6.635946555686647
1777,landings,1,762.0,0.0,6.635946555686647
1778,Onion,1,762.0,0.0,6.635946555686647
1779,everWalked,1,762.0,0.0,6.635946555686647
1780,neighborhood,1,762.0,0.0,6.635946555686647
1781,recently,1,762.0,0.0,6.635946555686647
1782,rebuilt,1,762.0,0.0,6.635946555686647
1783,othersXmas,1,762.0,0.0,6.635946555686647
1784,brought,1,762.0,0.0,6.635946555686647
1785,presents,1,762.0,0.0,6.635946555686647
1786,orphanage,1,762.0,0.0,6.635946555686647
1787,usually,1,762.0,0.0,6.635946555686647
1788,muchMet,1,762.0,0.0,6.635946555686647
1789,Doctors,1,762.0,0.0,6.635946555686647
1790,Without,1,762.0,0.0,6.635946555686647
1791,Borders,1,762.0,0.0,6.635946555686647
1792,Justice,1,762.0,0.0,6.635946555686647
1793,othersreturned,1,762.0,0.0,6.635946555686647
1794,Covered,1,762.0,0.0,6.635946555686647
1795,ground,1,762.0,0.0,6.635946555686647
1796,saw,1,762.0,0.0,6.635946555686647
1797,tough,1,762.0,0.0,6.635946555686647
1798,situations,1,762.0,0.0,6.635946555686647
1799,helpSingle,1,762.0,0.0,6.635946555686647
1800,character,1,762.0,0.0,6.635946555686647
1801,Tweets,1,762.0,0.0,6.635946555686647
1802,ulitmate,1,762.0,0.0,6.635946555686647
1803,extension,1,762.0,0.0,6.635946555686647
1804,TwitmemeRussians,1,762.0,0.0,6.635946555686647
1805,challenges,1,762.0,0.0,6.635946555686647
1806,engineers,1,762.0,0.0,6.635946555686647
1807,designed,1,762.0,0.0,6.635946555686647
1808,retiredlong,1,762.0,0.0,6.635946555686647
1809,conversation,1,762.0,0.0,6.635946555686647
1810,subjects,1,762.0,0.0,6.635946555686647
1811,ideas,1,762.0,0.0,6.635946555686647
1812,extending,1,762.0,0.0,6.635946555686647
1813,creative,1,762.0,0.0,6.635946555686647
1814,talents,1,762.0,0.0,6.635946555686647
1815,beyond,1,762.0,0.0,6.635946555686647
1816,musicKanye,1,762.0,0.0,6.635946555686647
1817,stopped,1,762.0,0.0,6.635946555686647
1818,factory,1,762.0,0.0,6.635946555686647
1819,todayModel,1,762.0,0.0,6.635946555686647
1820,options,1,762.0,0.0,6.635946555686647
1821,red,1,762.0,0.0,6.635946555686647
1822,black,1,762.0,0.0,6.635946555686647
1823,deliver,1,762.0,0.0,6.635946555686647
1824,JuneJulyHi,1,762.0,0.0,6.635946555686647
1825,Art,1,762.0,0.0,6.635946555686647
1826,Garfunkel,1,762.0,0.0,6.635946555686647
1827,heard,1,762.0,0.0,6.635946555686647
1828,silence,1,762.0,0.0,6.635946555686647
1829,soundRaul,1,762.0,0.0,6.635946555686647
1830,Campos,1,762.0,0.0,6.635946555686647
1831,invited,1,762.0,0.0,6.635946555686647
1832,guest,1,762.0,0.0,6.635946555686647
1833,DJ,1,762.0,0.0,6.635946555686647
1834,gig,1,762.0,0.0,6.635946555686647
1835,KCRW,1,762.0,0.0,6.635946555686647
1836,Hear,1,762.0,0.0,6.635946555686647
1837,random,1,762.0,0.0,6.635946555686647
1838,holiday,1,762.0,0.0,6.635946555686647
1839,season,1,762.0,0.0,6.635946555686647
1840,music,1,762.0,0.0,6.635946555686647
1841,selectionsYum,1,762.0,0.0,6.635946555686647
1842,Even,1,762.0,0.0,6.635946555686647
1843,fried,1,762.0,0.0,6.635946555686647
1844,butterYeah,1,762.0,0.0,6.635946555686647
1845,Mom,1,762.0,0.0,6.635946555686647
1846,attest,1,762.0,0.0,6.635946555686647
1847,handle,1,762.0,0.0,6.635946555686647
1848,140,1,762.0,0.0,6.635946555686647
1849,char,1,762.0,0.0,6.635946555686647
1850,missives,1,762.0,0.0,6.635946555686647
1851,longer,1,762.0,0.0,6.635946555686647
1852,thoughts,2,1640.0,0.6931471805599453,7.402451520818244
1853,GGot,1,762.0,0.0,6.635946555686647
1854,randomly,1,762.0,0.0,6.635946555686647
1855,Kanye,1,762.0,0.0,6.635946555686647
1856,West,1,762.0,0.0,6.635946555686647
1857,received,1,762.0,0.0,6.635946555686647
1858,download,1,762.0,0.0,6.635946555686647
1859,ranging,1,762.0,0.0,6.635946555686647
1860,shoes,1,762.0,0.0,6.635946555686647
1861,Moses,1,762.0,0.0,6.635946555686647
1862,polite,1,762.0,0.0,6.635946555686647
1863,opaquesinging,1,762.0,0.0,6.635946555686647
1864,acting,1,762.0,0.0,6.635946555686647
1865,talent,1,762.0,0.0,6.635946555686647
1866,sorely,1,762.0,0.0,6.635946555686647
1867,missed,1,762.0,0.0,6.635946555686647
1868,South,1,762.0,0.0,6.635946555686647
1869,Park,1,762.0,0.0,6.635946555686647
1870,sequel,1,762.0,0.0,6.635946555686647
1871,sooncrowd,1,762.0,0.0,6.635946555686647
1872,cry,1,762.0,0.0,6.635946555686647
1873,glorious,1,762.0,0.0,6.635946555686647
1874,leader,1,762.0,0.0,6.635946555686647
1875,Il,1,762.0,0.0,6.635946555686647
1876,Sungs,1,762.0,0.0,6.635946555686647
1877,death,2,1640.0,0.6931471805599453,7.402451520818244
1878,Fear,1,762.0,0.0,6.635946555686647
1879,play,1,762.0,0.0,6.635946555686647
1880,roleSam,1,762.0,0.0,6.635946555686647
1881,Harris,2,1640.0,0.6931471805599453,7.402451520818244
1882,nice,1,762.0,0.0,6.635946555686647
1883,awesomeness,1,762.0,0.0,6.635946555686647
1884,Hitchens,1,762.0,0.0,6.635946555686647
1885,man,1,762.0,0.0,6.635946555686647
1886,RIPRead,1,762.0,0.0,6.635946555686647
1887,Lying,1,762.0,0.0,6.635946555686647
1888,Sam,1,762.0,0.0,6.635946555686647
1889,lots,1,762.0,0.0,6.635946555686647
1890,liereading,1,762.0,0.0,6.635946555686647
1891,biography,1,762.0,0.0,6.635946555686647
1892,Ben,1,762.0,0.0,6.635946555686647
1893,Franklin,1,762.0,0.0,6.635946555686647
1894,Isaacson,1,762.0,0.0,6.635946555686647
1895,recommendedtotal,1,762.0,0.0,6.635946555686647
1896,non,1,762.0,0.0,6.635946555686647
1897,sequitur,1,762.0,0.0,6.635946555686647
1898,btwGreat,1,762.0,0.0,6.635946555686647
1899,Voltaire,2,1640.0,0.6931471805599453,7.402451520818244
1900,arguably,1,762.0,0.0,6.635946555686647
1901,Twain,1,762.0,0.0,6.635946555686647
1902,Hearing,1,762.0,0.0,6.635946555686647
1903,replied,1,762.0,0.0,6.635946555686647
1904,reports,1,762.0,0.0,6.635946555686647
1905,prematuremade,1,762.0,0.0,6.635946555686647
1906,volume,1,762.0,0.0,6.635946555686647
1907,miniature,1,762.0,0.0,6.635946555686647
1908,StonehengeWent,1,762.0,0.0,6.635946555686647
1909,Iceland,1,762.0,0.0,6.635946555686647
1910,Sat,1,762.0,0.0,6.635946555686647
1911,bumper,1,762.0,0.0,6.635946555686647
1912,ice,1,762.0,0.0,6.635946555686647
1913,country,1,762.0,0.0,6.635946555686647
1914,Vlads,1,762.0,0.0,6.635946555686647
1915,rink,1,762.0,0.0,6.635946555686647
1916,Van,1,762.0,0.0,6.635946555686647
1917,Nuys,1,762.0,0.0,6.635946555686647
1918,Awesome,1,762.0,0.0,6.635946555686647
1919,family,1,762.0,0.0,6.635946555686647
1920,funPlease,1,762.0,0.0,6.635946555686647
1921,ignore,1,762.0,0.0,6.635946555686647
1922,prior,1,762.0,0.0,6.635946555686647
1923,tweets,1,762.0,0.0,6.635946555686647
1924,pretending,1,762.0,0.0,6.635946555686647
